source,target,edge_betweenness,length_m,confidence,status,highway,osm_id,edge_id
66446,78842,0.09126012280857881,11.276877222689047,0.9013051748275757,OPEN,primary,435249770,435249770_0
54206,54207,0.07959968556257602,20.144733625240445,0.6668927026513111,LIKELY_OPEN,secondary,173566955,173566955_0
2925,10238,0.07845643855121474,167.35624039193252,0.7513188331911009,OPEN,tertiary,36970818,36970818_0
9734,9735,0.07451981549049272,29.29918631537467,0.4325802603000548,UNCERTAIN,residential,36907572,36907572_0
2274,35286,0.07308245083207263,7.766480357640152,0.8524328096707663,OPEN,primary,133632534,133632534_0
35285,35286,0.07307503485509181,40.513437794170414,0.8524328096707663,OPEN,primary,133632534,133632534_0
35284,35285,0.07306791551719023,5.209483427652436,0.8524328096707663,OPEN,primary,133632534,133632534_0
35283,35284,0.07306079617928866,12.796793611992582,0.8524328096707663,OPEN,primary,133632534,133632534_0
35282,35283,0.0730501171724363,33.231982237383406,0.8524328096707663,OPEN,primary,133632534,133632534_0
35281,35282,0.07304566758624782,11.84251333234108,0.8524328096707663,OPEN,primary,133632534,133632534_0
12029,35281,0.07304418439085165,22.998966328511912,0.8524328096707663,OPEN,primary,133632534,133632534_0
78842,92146,0.0727763193023049,63.71316456051186,0.7682362198829651,OPEN,primary,763175330,763175330_0
92145,92146,0.07276208062650175,13.301732391839668,0.7682362198829651,OPEN,primary,763175330,763175330_0
92144,92145,0.07259099403755451,44.71714943458529,0.7682362198829651,OPEN,primary,763175330,763175330_0
92143,92144,0.07256874610661208,88.94609299580722,0.7682362198829651,OPEN,primary,763175330,763175330_0
21129,92143,0.07243125389338792,5.072012124380268,0.8271542489528655,OPEN,primary,1298944073,1298944073_0
2822,79810,0.07231356233870251,44.32904262795117,0.8859746051136452,OPEN,primary,464465205,464465205_0
21129,35288,0.07101057518317463,62.91355323515422,0.8524328096707663,OPEN,primary,133632534,133632534_0
35287,35288,0.07100805375100117,19.283301701842383,0.8524328096707663,OPEN,primary,133632534,133632534_0
2274,35287,0.07100775711192193,12.971776503450208,0.8524328096707663,OPEN,primary,133632534,133632534_0
12029,35280,0.06985887395805523,1.9602402513564943,0.8524328096707663,OPEN,primary,133632534,133632534_0
2176,35280,0.06985724244311946,12.443473002526767,0.8316766965389252,OPEN,primary,766406977,766406977_0
9461,9462,0.06801592951855479,13.536302504164814,0.7480813794665866,OPEN,primary,36897684,36897684_0
6217,6218,0.06745735813236037,71.58328325943671,0.7629947033053951,OPEN,primary,30915415,30915415_0
33386,85518,0.06696100679303492,50.82044815834515,0.8382695937156678,OPEN,secondary,638541498,638541498_0
34436,85518,0.0669608584734953,21.106313629038542,0.790826474428177,OPEN,secondary,1148421491,1148421491_0
9461,53244,0.06676025629616446,5.279125631869095,0.8462854671478273,OPEN,primary,172891296,172891296_0
6032,53547,0.06593641541336656,125.2778606206458,0.6976999911240169,LIKELY_OPEN,secondary,1052609696,1052609696_0
50284,53243,0.06592180593871437,3.6245964677206426,0.8462854671478273,OPEN,primary,172891296,172891296_0
6023,6032,0.06587760671590875,8.604933184856957,0.7863239987691243,OPEN,secondary,1277274504,1277274504_0
10238,53547,0.06586826258491293,7.36701376416858,0.6976999911240169,LIKELY_OPEN,secondary,1052609696,1052609696_0
6023,54200,0.06586225564355849,109.8428367401239,0.6433710414430369,LIKELY_OPEN,secondary,1277274503,1277274503_0
54200,54201,0.06585854765506809,67.36372821685801,0.6668927026513111,LIKELY_OPEN,secondary,173566955,173566955_0
54201,54202,0.06585157663670613,24.49481850291877,0.6668927026513111,LIKELY_OPEN,secondary,173566955,173566955_0
10250,54202,0.06584875856545341,17.590535961266763,0.6668927026513111,LIKELY_OPEN,secondary,173566955,173566955_0
10250,54203,0.06580834149090801,109.68897741058078,0.6668927026513111,LIKELY_OPEN,secondary,173566955,173566955_0
33386,72848,0.06580663581620243,17.797530017601186,0.8946953415870665,OPEN,secondary,1284335285,1284335285_0
9247,53244,0.0657200172050666,5.214549579542089,0.8462854671478273,OPEN,primary,172891296,172891296_0
9247,53243,0.06571883064874967,5.395448277488017,0.8462854671478273,OPEN,primary,172891296,172891296_0
54203,54204,0.0654527453946783,61.544466863275574,0.6668927026513111,LIKELY_OPEN,secondary,173566955,173566955_0
54205,54206,0.06544844412802943,68.36257890019195,0.6668927026513111,LIKELY_OPEN,secondary,173566955,173566955_0
54204,54205,0.06544406870161075,30.498845132008437,0.6668927026513111,LIKELY_OPEN,secondary,173566955,173566955_0
51276,51330,0.06468059387143663,21.037540815746613,0.7413071180473674,OPEN,primary,173571191,173571191_0
73218,73235,0.06455600545815907,43.15302988990409,0.4372198261022568,UNCERTAIN,primary,895805583,895805583_0
36386,73218,0.06455036931565365,39.22661404043798,0.3532864047421349,UNCERTAIN,primary,895805584,895805584_0
36386,104378,0.06454502981222747,34.111028130546394,0.41737867951393126,UNCERTAIN,primary,895805582,895805582_0
104378,129851,0.06451818397555695,11.44281175574897,0.4893505048751831,UNCERTAIN,primary,1314301942,1314301942_0
6215,129851,0.06451566254338346,38.59850053908805,0.3194702614016003,UNCERTAIN,primary,1278822702,1278822702_0
6215,6216,0.0645132894307496,27.15831154133007,0.7629947033053951,OPEN,primary,30915415,30915415_0
51311,51330,0.06448095577111329,13.122209554475315,0.7413071180473674,OPEN,primary,173571191,173571191_0
5841,54248,0.06438217495772894,4.944516046446847,0.7413071180473674,OPEN,primary,173571191,173571191_0
51541,54249,0.06437149595087657,30.84135092667092,0.7413071180473674,OPEN,primary,173571191,173571191_0
51541,54248,0.06437053187386907,78.7876505303089,0.7413071180473674,OPEN,primary,173571191,173571191_0
51276,54249,0.0643634866957373,24.289086479745464,0.7413071180473674,OPEN,primary,173571191,173571191_0
5847,5848,0.06416318115748569,17.740595201746505,0.750164315700531,OPEN,primary,30262127,30262127_0
9462,74792,0.06406106315445997,7.1074425601230455,0.5602927138010662,LIKELY_OPEN,tertiary,1158653935,1158653935_0
51311,51530,0.0639612441042983,111.44189927509501,0.7413071180473674,OPEN,primary,173571191,173571191_0
13681,51530,0.06393054195959776,37.65134950592336,0.7413071180473674,OPEN,primary,173571191,173571191_0
13681,51806,0.0638620183322951,58.14755447506546,0.7624058699607849,OPEN,primary,169722379,169722379_0
51806,51807,0.06385400907715583,2.5319981164562124,0.7624058699607849,OPEN,primary,169722379,169722379_0
51807,51808,0.06384599982201655,23.908575262733226,0.7624058699607849,OPEN,primary,169722379,169722379_0
13766,51326,0.06381099641066715,16.875762046798606,0.8045048229945334,OPEN,primary,1379853549,1379853549_0
51808,51809,0.06380217139805998,18.520537391820373,0.7624058699607849,OPEN,primary,169722379,169722379_0
51326,51810,0.06380031740381478,17.752249587975452,0.8045048229945334,OPEN,primary,1379853549,1379853549_0
51809,51810,0.06379475542107918,11.857572264574863,0.7624058699607849,OPEN,primary,169722379,169722379_0
5846,5847,0.063715997745543,71.80437810224934,0.750164315700531,OPEN,primary,30262127,30262127_0
17659,54254,0.06341579899735991,18.70732653702807,0.48075691900253303,UNCERTAIN,primary,1316303671,1316303671_0
5843,5844,0.06340853133991872,40.27712748294408,0.750164315700531,OPEN,primary,30262127,30262127_0
17659,104434,0.0634073447836018,29.502077918708526,0.48075691900253303,UNCERTAIN,primary,1316303671,1316303671_0
5848,5849,0.06340482335142832,11.968782710755828,0.750164315700531,OPEN,primary,30262127,30262127_0
5842,5843,0.06340363679511139,68.85537743900008,0.750164315700531,OPEN,primary,30262127,30262127_0
5842,104434,0.06340170864109639,67.68068488038438,0.48075691900253303,UNCERTAIN,primary,1316303671,1316303671_0
5850,5851,0.06336262644240753,102.03143033214377,0.750164315700531,OPEN,primary,30262127,30262127_0
5851,5852,0.06335728693898135,36.734215088691066,0.750164315700531,OPEN,primary,30262127,30262127_0
5849,5850,0.06334883272522322,71.34907911387045,0.750164315700531,OPEN,primary,30262127,30262127_0
5852,5853,0.06333911779537836,74.45789598989302,0.750164315700531,OPEN,primary,30262127,30262127_0
5853,5854,0.06333481652872949,37.46941961113032,0.750164315700531,OPEN,primary,30262127,30262127_0
5854,5855,0.06333051526208062,37.57419010870058,0.750164315700531,OPEN,primary,30262127,30262127_0
5855,83963,0.06332117113108482,38.71480118222169,0.8568748108545938,OPEN,primary,556452025,556452025_0
5844,5845,0.06326651538073626,43.906249981257815,0.750164315700531,OPEN,primary,30262127,30262127_0
5845,5846,0.06322928717629261,97.12404804107254,0.750164315700531,OPEN,primary,30262127,30262127_0
77558,83963,0.06318976001898491,95.07131438641984,0.7882210282179025,OPEN,primary,556452023,556452023_0
77558,78174,0.06318345643855122,23.883273489789367,0.7882210282179025,OPEN,primary,556452023,556452023_0
36362,78174,0.06316143098691822,42.454090003506316,0.7882210282179025,OPEN,primary,556452023,556452023_0
36362,73252,0.06315987363175225,43.80837818659384,0.7882210282179025,OPEN,primary,556452023,556452023_0
73216,73252,0.06315876123520513,48.06816936096198,0.7882210282179025,OPEN,primary,556452023,556452023_0
36364,73216,0.06315075198006585,45.968332808201055,0.8878839984807101,OPEN,primary,895805586,895805586_0
36364,78175,0.06314674735249622,44.70666676099537,0.5636619949968238,LIKELY_OPEN,primary,895805585,895805585_0
73235,78175,0.06314348432262466,40.45468015765106,0.5636619949968238,LIKELY_OPEN,primary,895805585,895805585_0
24044,29411,0.06308549138263475,72.64175926456838,0.8434213762129507,OPEN,secondary,1125542419,1125542419_0
6216,6217,0.06302927827712024,84.39342594750939,0.7629947033053951,OPEN,primary,30915415,30915415_0
24044,53382,0.06300525051170242,84.05218728133038,0.8434213762129507,OPEN,secondary,1125542419,1125542419_0
239,108717,0.06287710242947406,86.01895930901543,0.8434213762129507,OPEN,secondary,1125542419,1125542419_0
53382,108717,0.06287621251223637,61.95742708212141,0.8434213762129507,OPEN,secondary,1125542419,1125542419_0
6218,92002,0.06286901901456499,29.478901821778088,0.8103279294286456,OPEN,primary,760887321,760887321_0
92167,130229,0.06286019400195782,4.077871428674345,0.8132431452924556,OPEN,secondary,1304119370,1304119370_0
125160,130229,0.0628545578594524,35.38468090211187,0.8132431452924556,OPEN,secondary,1304119370,1304119370_0
239,125160,0.06285277802497702,5.716294519636211,0.8132431452924556,OPEN,secondary,1304119370,1304119370_0
87986,92002,0.06274205748865355,101.18893977460593,0.8103279294286456,OPEN,primary,760887321,760887321_0
87986,87987,0.06273656966568776,86.89582061937051,0.6798727674860704,LIKELY_OPEN,primary,675933721,675933721_0
5841,87987,0.06273315831627659,18.604034119396164,0.82226033949852,OPEN,primary,1314301938,1314301938_0
185,52277,0.06187772537154045,41.22803418510381,0.8227591571617128,OPEN,primary,171887405,171887405_0
29746,52265,0.061535848832725226,28.74815402910284,0.8227591571617128,OPEN,primary,171887405,171887405_0
209,52269,0.061490388893832876,15.025765640360824,0.8227591571617128,OPEN,primary,171887405,171887405_0
52265,52266,0.0614712556732224,24.994230755677,0.8227591571617128,OPEN,primary,171887405,171887405_0
209,52268,0.06147006911690547,30.870756011405163,0.8227591571617128,OPEN,primary,171887405,171887405_0
52267,52268,0.061469475838747,7.272651803159307,0.8227591571617128,OPEN,primary,171887405,171887405_0
52266,52267,0.061468882560588536,23.72403823168299,0.8227591571617128,OPEN,primary,171887405,171887405_0
221,52271,0.06144908190204978,7.698189894904495,0.8227591571617128,OPEN,primary,171887405,171887405_0
52270,52271,0.06144314912046513,37.07070553092237,0.8227591571617128,OPEN,primary,171887405,171887405_0
52269,52270,0.06143988609059358,77.62007316804034,0.8227591571617128,OPEN,primary,171887405,171887405_0
52262,52263,0.061428094687194096,41.98546952299652,0.8227591571617128,OPEN,primary,171887405,171887405_0
52261,66446,0.06142327430215657,5.027946361484607,0.8818179368972777,OPEN,primary,1393487705,1393487705_0
52261,52262,0.061421346148141556,10.48841387466969,0.8227591571617128,OPEN,primary,171887405,171887405_0
52275,52276,0.06141341105277209,22.38554294005019,0.8227591571617128,OPEN,primary,171887405,171887405_0
52274,52275,0.061403918602236665,33.699634815883016,0.8227591571617128,OPEN,primary,171887405,171887405_0
52272,52273,0.06139145976090891,11.583903002274473,0.8227591571617128,OPEN,primary,171887405,171887405_0
221,52272,0.06138790009195812,38.370293306507705,0.8227591571617128,OPEN,primary,171887405,171887405_0
52273,52274,0.0613821897896829,18.495565940198855,0.8227591571617128,OPEN,primary,171887405,171887405_0
34314,52264,0.0613289430749607,25.47655765505624,0.8227591571617128,OPEN,primary,171887405,171887405_0
29746,52264,0.06132597668416838,72.25602803454238,0.8227591571617128,OPEN,primary,171887405,171887405_0
29737,34314,0.06132441932900241,7.698381403150315,0.8227591571617128,OPEN,primary,171887405,171887405_0
29737,52263,0.061307436741716355,34.35337130930837,0.8227591571617128,OPEN,primary,171887405,171887405_0
52276,52277,0.06126041944765804,7.995536557498292,0.8227591571617128,OPEN,primary,171887405,171887405_0
185,92135,0.06125137195574145,17.801228761178745,0.8102476341383797,OPEN,primary,763175328,763175328_0
92135,92136,0.06124870220402836,7.885987147050624,0.8102476341383797,OPEN,primary,763175328,763175328_0
28353,92138,0.06123861647533446,24.01112510163087,0.8102476341383797,OPEN,primary,763175328,763175328_0
92137,92138,0.06123861647533446,71.8433338646675,0.8102476341383797,OPEN,primary,763175328,763175328_0
92136,92137,0.06122111476965976,47.90577839799911,0.8102476341383797,OPEN,primary,763175328,763175328_0
5488,9129,0.061081175284031924,156.55988722673428,0.8441526276292934,OPEN,primary,36852353,36852353_0
9128,28353,0.06108102696449231,21.8874898046488,0.8758217688401541,OPEN,primary,1306071444,1306071444_0
9128,9129,0.06108087864495269,88.9801300617947,0.8960362894284097,OPEN,primary,36851615,36851615_0
74311,82806,0.06054863397704014,9.451564808924408,0.7889361994731718,OPEN,secondary,1281158177,1281158177_0
81138,81139,0.059995402094271906,108.83703841044286,0.48696842262479995,UNCERTAIN,secondary,542070644,542070644_0
14033,72816,0.059765506807866874,46.89628602408979,0.8062686468692537,OPEN,secondary,327432515,327432515_0
72816,72817,0.05976105722167839,44.82895867526433,0.8062686468692537,OPEN,secondary,327432515,327432515_0
72817,72818,0.05974622526771677,9.165814042487005,0.8062686468692537,OPEN,secondary,327432515,327432515_0
72818,72819,0.05973880929073597,34.442591207164426,0.8062686468692537,OPEN,secondary,327432515,327432515_0
72819,72820,0.059725015573551664,11.744052062921112,0.8062686468692537,OPEN,secondary,327432515,327432515_0
72820,72821,0.05971396576785026,14.32741782819887,0.8062686468692537,OPEN,secondary,327432515,327432515_0
72821,72822,0.05970654979086945,4.949833000182148,0.8062686468692537,OPEN,secondary,327432515,327432515_0
14048,72823,0.05969127287828899,11.307738228559154,0.8062686468692537,OPEN,secondary,327432515,327432515_0
72822,72823,0.05969105039897957,37.73040293663147,0.8062686468692537,OPEN,secondary,327432515,327432515_0
14048,72824,0.05929711370175907,27.644548013110178,0.8062686468692537,OPEN,secondary,327432515,327432515_0
72828,72829,0.05920678710213284,27.60826377536804,0.8062686468692537,OPEN,secondary,327432515,327432515_0
72829,72830,0.059202782474563204,29.73344788988973,0.8062686468692537,OPEN,secondary,327432515,327432515_0
72830,72831,0.059202263356174546,21.188251946477706,0.8062686468692537,OPEN,secondary,327432515,327432515_0
72831,72832,0.05919247426655988,7.962004874603769,0.8062686468692537,OPEN,secondary,327432515,327432515_0
72824,72825,0.05917905134822462,16.444718055035775,0.8062686468692537,OPEN,secondary,327432515,327432515_0
72825,72826,0.059157915813829315,53.93957047834432,0.8062686468692537,OPEN,secondary,327432515,327432515_0
72826,72827,0.05914523449319214,24.666703230068563,0.8062686468692537,OPEN,secondary,327432515,327432515_0
72827,72828,0.05913544540357747,38.11627185269005,0.8062686468692537,OPEN,secondary,327432515,327432515_0
72832,74236,0.05909109786123224,31.399159827914705,0.7889361994731718,OPEN,secondary,1281158177,1281158177_0
74236,74263,0.059086351635964526,38.19006142593864,0.7889361994731718,OPEN,secondary,1281158177,1281158177_0
74263,74311,0.05908405268310048,44.46602647659589,0.7889361994731718,OPEN,secondary,1281158177,1281158177_0
61107,123949,0.05906061819584112,19.777888884147007,0.681020192182981,LIKELY_OPEN,tertiary,1159912087,1159912087_0
47139,88986,0.0583274747115185,15.235573433962005,0.7792618810192924,OPEN,tertiary,1158621923,1158621923_0
47145,123930,0.05831546082880959,17.265089695482743,0.7792618810192924,OPEN,tertiary,1158621923,1158621923_0
123928,123929,0.05831234611847765,14.745068445147181,0.7792618810192924,OPEN,tertiary,1158621923,1158621923_0
108754,123929,0.05830878644952686,34.09296839444675,0.7792618810192924,OPEN,tertiary,1158621923,1158621923_0
108754,123930,0.05830789653228917,28.907605863219953,0.7792618810192924,OPEN,tertiary,1158621923,1158621923_0
47139,123928,0.05830611669781377,78.5706446999328,0.7792618810192924,OPEN,tertiary,1158621923,1158621923_0
27559,88986,0.05830493014149685,43.30982846413879,0.7792618810192924,OPEN,tertiary,1158621923,1158621923_0
49923,90135,0.058109667467592184,94.23536001068723,0.6589237368106842,LIKELY_OPEN,secondary,705023783,705023783_0
79818,90135,0.05810788763311679,138.0662971061902,0.6589237368106842,LIKELY_OPEN,secondary,705023783,705023783_0
72853,72854,0.05808512058378571,5.592080762464629,0.7248627758026124,OPEN,secondary,327550407,327550407_0
79818,81138,0.05802831420011273,14.113837692575977,0.924727749824524,OPEN,secondary,542070646,542070646_0
327,61105,0.05781302838835989,29.051865431641357,0.681020192182981,LIKELY_OPEN,tertiary,1159912087,1159912087_0
61105,123949,0.057809691198718524,24.40470015527839,0.681020192182981,LIKELY_OPEN,tertiary,1159912087,1159912087_0
110718,123947,0.05762696152591143,40.0422484859504,0.681020192182981,LIKELY_OPEN,tertiary,1159912087,1159912087_0
61107,123947,0.057625849129364304,48.63500671653373,0.681020192182981,LIKELY_OPEN,tertiary,1159912087,1159912087_0
1316,110718,0.05762162202248525,88.98335659423766,0.681020192182981,LIKELY_OPEN,tertiary,1159912087,1159912087_0
54208,122517,0.057555693987125865,15.783370287295206,0.26675696671009064,LIKELY_BLOCKED,secondary,1111985815,1111985815_0
74950,122517,0.057550799442318536,6.552853748145716,0.3034003287553787,UNCERTAIN,secondary,1111985816,1111985816_0
54221,61588,0.05755065112277892,54.40951495604038,0.4960461070035634,UNCERTAIN,secondary,363458704,363458704_0
54207,54208,0.05754657233543947,6.747110614317475,0.6668927026513111,LIKELY_OPEN,secondary,173566955,173566955_0
74950,74951,0.0575459048975112,3.1323442310787364,0.4960461070035634,UNCERTAIN,secondary,363458704,363458704_0
54221,74951,0.057543160986028304,6.738048954150807,0.4960461070035634,UNCERTAIN,secondary,363458704,363458704_0
61588,74952,0.057513422918335264,23.072261397866143,0.4960461070035634,UNCERTAIN,secondary,363458704,363458704_0
17710,17711,0.057509418290765627,80.57458965713109,0.7047996442175624,OPEN,secondary,39673236,39673236_0
17709,17710,0.05746314259440539,137.84524561829178,0.7047996442175624,OPEN,secondary,39673236,39673236_0
17706,74952,0.057371332799382994,43.10670524923844,0.38064659214019775,UNCERTAIN,secondary,1452301106,1452301106_0
17706,17707,0.05736658657411528,196.1059886745607,0.7047996442175624,OPEN,secondary,39673236,39673236_0
17707,17708,0.05736599329595681,141.64680049528118,0.7047996442175624,OPEN,secondary,39673236,39673236_0
17708,17709,0.057365474177568154,6.618076985107845,0.7047996442175624,OPEN,secondary,39673236,39673236_0
327,29778,0.05733061908575836,42.24549482869848,0.7431106718381246,OPEN,primary,112243683,112243683_0
29778,29779,0.05732142327430216,32.306546035633026,0.7431106718381246,OPEN,primary,112243683,112243683_0
29785,29786,0.05729235264453739,30.449722266650955,0.7431106718381246,OPEN,primary,112243683,112243683_0
29784,29785,0.05728641986295275,28.010396546403385,0.7431106718381246,OPEN,primary,112243683,112243683_0
29783,29784,0.0572822669158435,13.58878671637812,0.7431106718381246,OPEN,primary,112243683,112243683_0
1512,29783,0.057281673637685035,34.74491319877897,0.7431106718381246,OPEN,primary,112243683,112243683_0
1508,1512,0.05727759485034559,77.61272658338086,0.7431106718381246,OPEN,primary,112243683,112243683_0
1508,29782,0.05725067485390525,24.05951766184252,0.7431106718381246,OPEN,primary,112243683,112243683_0
29779,29780,0.05723480466316633,47.29845684078415,0.7431106718381246,OPEN,primary,112243683,112243683_0
29781,29782,0.057230948355136306,19.258895485188948,0.7431106718381246,OPEN,primary,112243683,112243683_0
29780,29781,0.05722827860342322,81.91308891954748,0.7431106718381246,OPEN,primary,112243683,112243683_0
53506,81139,0.05699104149980719,14.53066440197908,0.48696842262479995,UNCERTAIN,secondary,542070644,542070644_0
53505,53506,0.056987778469935635,178.47268241801294,0.48696842262479995,UNCERTAIN,secondary,542070644,542070644_0
53505,81140,0.05698555367684139,7.536126648366854,0.48696842262479995,UNCERTAIN,secondary,542070644,542070644_0
10214,81140,0.056981994007890606,123.7950814041852,0.48696842262479995,UNCERTAIN,secondary,542070644,542070644_0
29410,49923,0.05696923852748361,11.571011103413674,0.9514406919479369,OPEN,secondary,1064418711,1064418711_0
29410,29411,0.05695974607694818,14.319177684925798,0.9460644602775573,OPEN,secondary,103639924,103639924_0
50331,129591,0.056629215982913594,44.68234426714985,0.9644718170166015,OPEN,primary,1259587204,1259587204_0
109200,129591,0.056568924090059626,29.309690212462037,0.9367564320564269,OPEN,primary,1354145734,1354145734_0
109200,124319,0.05656002491768266,114.48446685174943,0.9367564320564269,OPEN,primary,1354145734,1354145734_0
108532,124319,0.056536293791344075,99.6203858161503,0.9367564320564269,OPEN,primary,1354145734,1354145734_0
79812,108532,0.055911571890480856,39.106499800260025,0.9607830643653869,OPEN,primary,1354145735,1354145735_0
79811,79812,0.05590712230429237,288.95593478802306,0.8859746051136452,OPEN,primary,464465205,464465205_0
2822,79811,0.05590638070659429,53.463839819021004,0.8859746051136452,OPEN,primary,464465205,464465205_0
34436,72725,0.05587056153777699,9.652235634733618,0.8838559210300446,OPEN,primary_link,1101271053,1101271053_0
9147,92132,0.05586299724125657,162.88175346730898,0.7533377150047657,OPEN,primary,1314544796,1314544796_0
9146,9147,0.055862552282637715,173.68998890261298,0.8441526276292934,OPEN,primary,36852353,36852353_0
91300,92132,0.05585476550680787,38.38268425185817,0.7533377150047657,OPEN,primary,1314544796,1314544796_0
50331,72725,0.055846830411438404,33.95053828231597,0.9415904760360717,OPEN,primary_link,327550409,327550409_0
129839,129841,0.055482186823292104,5.256737315292931,0.6758223605155944,LIKELY_OPEN,primary,1307247738,1307247738_0
17711,17712,0.05533038177449497,98.21032594867535,0.7047996442175624,OPEN,secondary,39673236,39673236_0
17712,54254,0.05532533891014803,22.498557759954227,0.24133513698975242,LIKELY_BLOCKED,secondary,760886638,760886638_0
29786,29787,0.05527995313102548,4.53764693232985,0.7431106718381246,OPEN,primary,112243683,112243683_0
52,29787,0.05527520690575777,35.501430020426476,0.7431106718381246,OPEN,primary,112243683,112243683_0
2170,72855,0.05524502387944588,25.82086876819953,0.950789374113083,OPEN,secondary,1347077897,1347077897_0
72854,72855,0.055241909169113944,112.67456279622607,0.7248627758026124,OPEN,secondary,327550407,327550407_0
10214,27559,0.05521231942096052,9.855697244068775,0.48696842262479995,UNCERTAIN,secondary,542070644,542070644_0
9353,78324,0.05509522114443357,19.9606040194643,0.5602927138010662,LIKELY_OPEN,tertiary,1158653935,1158653935_0
72849,72850,0.05507208329625345,118.49276651332612,0.7248627758026124,OPEN,secondary,327550407,327550407_0
72852,72853,0.05502165465278396,116.14233544910736,0.7248627758026124,OPEN,secondary,327550407,327550407_0
9353,9718,0.055020319776927416,80.95851214547699,0.739921333684197,OPEN,tertiary,38540557,38540557_0
9718,14583,0.05501824330337279,15.197469332066342,0.739921333684197,OPEN,tertiary,38540557,38540557_0
72851,72852,0.05501750170567471,40.75669156615791,0.7248627758026124,OPEN,secondary,327550407,327550407_0
9286,14583,0.05500289223102252,60.36665491320988,0.739921333684197,OPEN,tertiary,38540557,38540557_0
72848,72849,0.05500237311263386,186.53241155877876,0.7248627758026124,OPEN,secondary,327550407,327550407_0
72850,72851,0.05497441487941622,54.29859191538962,0.7248627758026124,OPEN,secondary,327550407,327550407_0
2172,2173,0.0543836581531251,4.388970645194279,0.797049495719728,OPEN,primary,23443806,23443806_0
2171,2172,0.054365266530212696,232.58123682405892,0.797049495719728,OPEN,primary,23443806,23443806_0
2173,2174,0.0543488030613153,92.17261432060324,0.797049495719728,OPEN,primary,23443806,23443806_0
2170,2171,0.054331153036100976,49.485407926553236,0.797049495719728,OPEN,primary,23443806,23443806_0
2174,2175,0.054303194802883335,7.151075258024645,0.797049495719728,OPEN,primary,23443806,23443806_0
2175,2176,0.05428851116846133,27.4438185684039,0.797049495719728,OPEN,primary,23443806,23443806_0
58298,88399,0.054173044406870166,19.96470522038786,0.9476285755634307,OPEN,primary,688824220,688824220_0
9321,14591,0.054153688706950254,49.24198397159793,0.739921333684197,OPEN,tertiary,38540557,38540557_0
14591,14592,0.05414864584260331,23.102195903355394,0.739921333684197,OPEN,tertiary,38540557,38540557_0
71325,96209,0.05406106315445997,39.56035976226247,0.7622264737668245,OPEN,primary,1246426789,1246426789_0
71325,104306,0.054054685414256474,28.6695558051462,0.7622264737668245,OPEN,primary,1246426789,1246426789_0
2313,71328,0.05405379549701878,41.69107992082111,0.7622264737668245,OPEN,primary,1246426789,1246426789_0
104306,104307,0.054048307674052984,31.38201012052167,0.9251335072517395,OPEN,primary,839092206,839092206_0
71328,84094,0.05404815935451337,36.91255494458832,0.7622264737668245,OPEN,primary,1246426789,1246426789_0
84052,84094,0.0540420782533891,24.686264898335452,0.7622264737668245,OPEN,primary,1246426789,1246426789_0
71331,104307,0.054041929933849486,3.410344306905948,0.5524814902146657,LIKELY_OPEN,primary,1434254320,1434254320_0
84052,96209,0.054031992524695205,51.7438337852887,0.7622264737668245,OPEN,primary,1246426789,1246426789_0
73070,73071,0.05394440983655187,75.12465941480004,0.8133869769573212,OPEN,primary,328835371,328835371_0
73071,73072,0.053931506036605265,75.42524169964315,0.8133869769573212,OPEN,primary,328835371,328835371_0
73072,73073,0.05392957788259026,39.58903208936809,0.8133869769573212,OPEN,primary,328835371,328835371_0
71331,85668,0.05390799738957611,53.72322950134493,0.5524814902146657,LIKELY_OPEN,primary,1434254320,1434254320_0
9321,9425,0.05377473228323099,28.453727677267352,0.739921333684197,OPEN,tertiary,38540557,38540557_0
13766,51543,0.053734389368455406,48.39322963534589,0.8045048229945334,OPEN,primary,1379853549,1379853549_0
51543,91986,0.0537251193972294,6.184631485993284,0.8045048229945334,OPEN,primary,1379853549,1379853549_0
73070,75044,0.05358532823114117,39.83826528268327,0.9017012655735016,OPEN,primary,363621124,363621124_0
367,368,0.052723962504820386,7.505701635831147,0.6563274192438691,LIKELY_OPEN,trunk,23046218,23046218_0
368,369,0.05272069947494883,23.477996534714645,0.6563274192438691,LIKELY_OPEN,trunk,23046218,23046218_0
369,370,0.05271743644507728,42.193173660701184,0.6563274192438691,LIKELY_OPEN,trunk,23046218,23046218_0
370,371,0.052704384325591054,70.43408468303251,0.6563274192438691,LIKELY_OPEN,trunk,23046218,23046218_0
371,372,0.05269785826584795,34.478284949950975,0.6563274192438691,LIKELY_OPEN,trunk,23046218,23046218_0
372,373,0.052691332206104835,42.44222312534379,0.6563274192438691,LIKELY_OPEN,trunk,23046218,23046218_0
1117,106851,0.052367179852273744,9.760957887875682,0.8263290989398957,OPEN,primary,1408299028,1408299028_0
10148,95765,0.05233966657767494,25.967443784454417,0.6817494440078735,LIKELY_OPEN,tertiary,780991643,780991643_0
95764,95765,0.052336848506422236,8.289922907153015,0.6817494440078735,LIKELY_OPEN,tertiary,780991643,780991643_0
78954,95764,0.052333882115629914,164.54657948858417,0.5742213225364685,LIKELY_OPEN,tertiary,780991644,780991644_0
9478,52003,0.052314155616860966,164.49272725729895,0.9501456737518311,OPEN,trunk,169817241,169817241_0
50148,50284,0.05199593604461452,90.12646556744653,0.6103976926803589,LIKELY_OPEN,primary_link,154340363,154340363_0
50148,50149,0.0519948236480674,62.639479938221484,0.7835160207748414,OPEN,primary,150357930,150357930_0
1160,52003,0.05196886772863457,125.33421095721157,0.9501456737518311,OPEN,trunk,169817241,169817241_0
1159,1160,0.051968422770015725,50.72020353587966,0.7951650571534128,OPEN,trunk,23076481,23076481_0
1155,1156,0.05193193616327015,305.8740863392302,0.7951650571534128,OPEN,trunk,23076481,23076481_0
1157,1158,0.05191740084838777,29.632883870189453,0.7951650571534128,OPEN,trunk,23076481,23076481_0
1156,1157,0.051909836551867344,131.8348680086894,0.7951650571534128,OPEN,trunk,23076481,23076481_0
1158,1159,0.05187483314051793,109.44280571234387,0.7951650571534128,OPEN,trunk,23076481,23076481_0
50151,50152,0.051652131351784286,10.924747268727259,0.7835160207748414,OPEN,primary,150357930,150357930_0
72991,80036,0.05164197146332058,25.60163036506268,0.8514457862906987,OPEN,primary,1013938677,1013938677_0
72991,72992,0.051636038681735934,26.62482554685021,0.6449455389911182,LIKELY_OPEN,primary,328758436,328758436_0
50149,50150,0.051618611135831036,5.918235450859223,0.7835160207748414,OPEN,primary,150357930,150357930_0
1325,50152,0.051603185903710956,72.51210035494074,0.7835160207748414,OPEN,primary,150357930,150357930_0
50150,50151,0.051597920560054585,54.91599774217778,0.7835160207748414,OPEN,primary,150357930,150357930_0
13408,84414,0.05142268102399811,37.43683363613617,0.8149563236463637,OPEN,trunk,580771986,580771986_0
10149,84414,0.05142179110676041,166.50078734046883,0.8149563236463637,OPEN,trunk,580771986,580771986_0
1316,1317,0.051319524784195075,30.518561601110154,0.5886432591116572,LIKELY_OPEN,tertiary,23076882,23076882_0
76115,126467,0.05127117261428021,5.301766136802243,0.5002862348095063,LIKELY_OPEN,primary,1190419784,1190419784_0
1318,1319,0.05126642638901249,49.17652900603161,0.5886432591116572,LIKELY_OPEN,tertiary,23076882,23076882_0
1319,1320,0.05125760137640533,4.343648803482377,0.5886432591116572,LIKELY_OPEN,tertiary,23076882,23076882_0
1317,1318,0.051238245676485425,92.6279206709934,0.5886432591116572,LIKELY_OPEN,tertiary,23076882,23076882_0
1320,1321,0.05115407433775326,33.94640534540713,0.5886432591116572,LIKELY_OPEN,tertiary,23076882,23076882_0
1324,1325,0.05112819257809024,49.903197992174825,0.5886432591116572,LIKELY_OPEN,tertiary,23076882,23076882_0
1321,1322,0.05111743941146807,31.41281993626533,0.5886432591116572,LIKELY_OPEN,tertiary,23076882,23076882_0
1323,1324,0.05110676040461571,25.534917494323075,0.5886432591116572,LIKELY_OPEN,tertiary,23076882,23076882_0
1322,1323,0.05110609296668744,92.01150250322819,0.5886432591116572,LIKELY_OPEN,tertiary,23076882,23076882_0
6577,82806,0.050985138382130465,75.29407170354489,0.7889361994731718,OPEN,secondary,1281158177,1281158177_0
73282,106755,0.050632360357153454,57.98777536555214,0.7898149326995567,OPEN,primary,1014989467,1014989467_0
106754,106755,0.050626575895108425,64.10334184143221,0.7898149326995567,OPEN,primary,1014989467,1014989467_0
104132,106754,0.050620791433063396,51.484899764229986,0.7898149326995567,OPEN,primary,1014989467,1014989467_0
104132,106753,0.05060922250897334,49.46078282761855,0.7898149326995567,OPEN,primary,1014989467,1014989467_0
56016,106753,0.05059765358488327,40.87706346443125,0.7898149326995567,OPEN,primary,1014989467,1014989467_0
56016,66529,0.050586677938951684,74.81322722699724,0.9333191573619842,OPEN,primary,1014989468,1014989468_0
73282,106654,0.050304425855062146,10.799690067022917,0.956781929731369,OPEN,primary,1012333179,1012333179_0
107014,107021,0.05026030079202634,7.603709063448046,0.9490625262260436,OPEN,secondary,1076405804,1076405804_0
107021,107915,0.05025881759663018,62.78099347704188,0.9490625262260436,OPEN,secondary,1076405804,1076405804_0
79894,107014,0.05025822431847172,2.637261395734722,0.9490625262260436,OPEN,secondary,1076405804,1076405804_0
52175,107915,0.050256370324226515,17.5420335085926,0.9490625262260436,OPEN,secondary,1076405804,1076405804_0
79894,79895,0.0502543680104417,22.53334734645053,0.9779004335403442,OPEN,secondary,469809836,469809836_0
75395,79895,0.050250511702411675,13.1810233821611,0.974907910823822,OPEN,secondary,469809838,469809838_0
75395,91954,0.05023004360594465,15.898107911775268,0.9809049248695373,OPEN,secondary,760493332,760493332_0
1153,1154,0.050214395894515144,177.44945048698196,0.7951650571534128,OPEN,trunk,23076481,23076481_0
52,53,0.050213209338198214,35.674837132051266,0.8132885031700134,OPEN,primary,8681855,8681855_0
1153,10149,0.05021128118418321,29.53262294401756,0.9097508907318116,OPEN,trunk,525778227,525778227_0
1154,1155,0.050210613746254934,12.14839283754642,0.7951650571534128,OPEN,trunk,23076481,23076481_0
53,54,0.05020149209456854,43.50947354214319,0.8132885031700134,OPEN,primary,8681855,8681855_0
54,55,0.05019704250838006,61.72930802649147,0.8132885031700134,OPEN,primary,8681855,8681855_0
121646,121647,0.05015284328557444,11.372389410496263,0.9188002896308898,OPEN,primary,1109937486,1109937486_0
121646,123616,0.0501506184924802,9.52481054819714,0.8817775122324625,OPEN,primary,1148434409,1148434409_0
50289,72992,0.050136083177597816,44.16776064734977,0.6449455389911182,LIKELY_OPEN,primary,328758436,328758436_0
50289,68000,0.0501304470350924,53.688793452034105,0.6449455389911182,LIKELY_OPEN,primary,328758436,328758436_0
68000,72993,0.05006288748479725,27.180355773951103,0.6449455389911182,LIKELY_OPEN,primary,328758436,328758436_0
72993,72994,0.05005903117676723,407.6756402750841,0.6449455389911182,LIKELY_OPEN,primary,328758436,328758436_0
66528,66529,0.05005065112277892,5.610126787753243,0.8323102148266164,OPEN,primary,239773584,239773584_0
49943,72994,0.05004212274925099,67.22141470312623,0.6449455389911182,LIKELY_OPEN,primary,328758436,328758436_0
49942,49943,0.05003018302631189,37.273328950537966,0.6449455389911182,LIKELY_OPEN,primary,328758436,328758436_0
49942,72995,0.050025659280353595,377.27724448712684,0.6449455389911182,LIKELY_OPEN,primary,328758436,328758436_0
6701,72996,0.0500164634688974,23.448985232812262,0.6449455389911182,LIKELY_OPEN,primary,328758436,328758436_0
72996,72997,0.050012310521788145,27.65264102733468,0.6449455389911182,LIKELY_OPEN,primary,328758436,328758436_0
6701,72995,0.050012013882708914,19.289747018750234,0.6449455389911182,LIKELY_OPEN,primary,328758436,328758436_0
56023,72997,0.04999985168046039,23.345191887516137,0.6449455389911182,LIKELY_OPEN,primary,328758436,328758436_0
56023,72998,0.04999770104713595,255.21653674053843,0.6449455389911182,LIKELY_OPEN,primary,328758436,328758436_0
56024,72998,0.04999058170923438,66.96101057748622,0.6449455389911182,LIKELY_OPEN,primary,328758436,328758436_0
56024,72999,0.04998153421731779,18.21950072275739,0.6449455389911182,LIKELY_OPEN,primary,328758436,328758436_0
72999,73000,0.04996151107946961,89.41126642616715,0.6449455389911182,LIKELY_OPEN,primary,328758436,328758436_0
73000,73001,0.04995439174156804,98.52023209747901,0.6449455389911182,LIKELY_OPEN,primary,328758436,328758436_0
73002,73003,0.04995365014386995,143.55021255470106,0.6449455389911182,LIKELY_OPEN,primary,328758436,328758436_0
73001,73002,0.049946456646198574,9.740410215972803,0.6449455389911182,LIKELY_OPEN,primary,328758436,328758436_0
126157,129841,0.04989825279582333,31.28673880729494,0.7450056463857241,OPEN,primary,1307247737,1307247737_0
12444,76497,0.04989276497285753,99.59559144228325,0.7450056463857241,OPEN,primary,1307247737,1307247737_0
12438,126157,0.049886980510812494,58.75359531378989,0.7450056463857241,OPEN,primary,1307247737,1307247737_0
12438,121337,0.04975608851710125,109.82391430677718,0.7450056463857241,OPEN,primary,1307247737,1307247737_0
12444,121337,0.049748079261961974,35.19150047102461,0.7450056463857241,OPEN,primary,1307247737,1307247737_0
9364,9394,0.049241642193942635,25.081846559556087,0.739921333684197,OPEN,tertiary,38540557,38540557_0
14588,14589,0.04913655780012459,13.949821010708357,0.739921333684197,OPEN,tertiary,38540557,38540557_0
9681,14590,0.04912506303580434,24.724777738766576,0.739921333684197,OPEN,tertiary,38540557,38540557_0
9425,14590,0.04911594138411795,38.55619776365018,0.739921333684197,OPEN,tertiary,38540557,38540557_0
9394,14588,0.04910422414048827,95.98826041135032,0.739921333684197,OPEN,tertiary,38540557,38540557_0
9681,14589,0.04908219868885527,42.58052491695776,0.739921333684197,OPEN,tertiary,38540557,38540557_0
76497,126650,0.04897563109964107,262.81435135601316,0.7450056463857241,OPEN,primary,1307247737,1307247737_0
88231,126650,0.0489676218445018,37.26028161203766,0.7450056463857241,OPEN,primary,1307247737,1307247737_0
14586,14587,0.04894722790780458,45.22835105258518,0.739921333684197,OPEN,tertiary,38540557,38540557_0
14584,14585,0.04894263000207648,2.8884295831062032,0.739921333684197,OPEN,tertiary,38540557,38540557_0
14585,14586,0.04893981193082377,73.83819264241593,0.739921333684197,OPEN,tertiary,38540557,38540557_0
9286,14584,0.04892342262169618,60.0136160610846,0.739921333684197,OPEN,tertiary,38540557,38540557_0
9364,14587,0.04890310284476877,35.03827909397605,0.739921333684197,OPEN,tertiary,38540557,38540557_0
9478,79384,0.048737800717866576,107.53661071155608,0.9295461153191982,OPEN,trunk,454013130,454013130_0
63629,79810,0.04842514312835573,17.838042167359085,0.7757573558224572,OPEN,primary,1058623187,1058623187_0
26924,107270,0.04837582688143336,3.0256289552787243,0.7757573558224572,OPEN,primary,1058623187,1058623187_0
107270,121648,0.04837345376879951,22.24083265661178,0.8755923271179199,OPEN,primary,1109937487,1109937487_0
73438,99489,0.04826621874165703,112.70854016428095,0.7090625460942587,OPEN,secondary,794756246,794756246_0
83596,99489,0.04823054789237934,57.41262448601319,0.6275789735867427,LIKELY_OPEN,secondary,1429003277,1429003277_0
80296,83596,0.048227433182047405,16.453351373430277,0.6215615890026093,LIKELY_OPEN,secondary,553975947,553975947_0
24797,83510,0.04808096763667646,14.95046732622689,0.7757573558224572,OPEN,primary,1058623187,1058623187_0
63629,83510,0.048078297884963365,37.501113888045715,0.7757573558224572,OPEN,primary,1058623187,1058623187_0
78866,107244,0.04800206164160067,123.49202941665524,0.7757573558224572,OPEN,primary,1058623187,1058623187_0
84110,84111,0.047998798611729114,79.40083553959025,0.8198621804164006,OPEN,primary,558769486,558769486_0
75044,84111,0.04799657381863487,21.475047495976558,0.8926445543766021,OPEN,primary,1474602676,1474602676_0
24797,78866,0.04798589481178251,119.44765149251167,0.7757573558224572,OPEN,primary,1058623187,1058623187_0
107244,107271,0.04797996203019786,87.6163925652306,0.7757573558224572,OPEN,primary,1058623187,1058623187_0
26924,107271,0.047975215804930145,36.77955414429903,0.7757573558224572,OPEN,primary,1058623187,1058623187_0
121647,121648,0.04741664441873573,17.535898821479925,0.9465230941772461,OPEN,primary,1246289590,1246289590_0
60997,123769,0.047302735012310526,34.42247877018922,0.7646967947483063,OPEN,secondary,1154321184,1154321184_0
73438,123769,0.04730021358013705,8.06481599742032,0.7940166219075521,OPEN,secondary,1351988957,1351988957_0
21128,66454,0.04710487674646258,39.158496918287845,0.8062158810858634,OPEN,secondary,239572011,239572011_0
2280,66454,0.04706742606270951,17.859337048426113,0.8062158810858634,OPEN,secondary,239572011,239572011_0
73316,123672,0.046701447598706654,82.3558196304602,0.8897837629685036,OPEN,primary,1148793539,1148793539_0
73316,107659,0.04666407107472339,82.32192449580604,0.8897837629685036,OPEN,primary,1148793539,1148793539_0
107656,107659,0.04665190887247486,66.3254953977405,0.8897837629685036,OPEN,primary,1148793539,1148793539_0
56018,107656,0.046639746670226336,165.75830379814732,0.8897837629685036,OPEN,primary,1148793539,1148793539_0
56018,79888,0.04663322061048323,22.18048332415493,0.8897837629685036,OPEN,primary,1148793539,1148793539_0
79888,106654,0.046620168490997003,93.48947382481619,0.8897837629685036,OPEN,primary,1148793539,1148793539_0
85417,85418,0.046395612708018154,89.88669406378399,0.5600228457776909,LIKELY_OPEN,primary,631197942,631197942_0
85417,85668,0.04638278306784136,8.571805441704715,0.5524814902146657,LIKELY_OPEN,primary,1434254320,1434254320_0
85418,85419,0.046382263949452704,8.69310786710869,0.5600228457776909,LIKELY_OPEN,primary,631197942,631197942_0
85419,85420,0.04636891519088725,31.94011156919642,0.5600228457776909,LIKELY_OPEN,primary,631197942,631197942_0
71341,85420,0.0463555664323218,67.56490760715656,0.5600228457776909,LIKELY_OPEN,primary,631197942,631197942_0
71341,85421,0.04634251431283558,155.16114335744777,0.5600228457776909,LIKELY_OPEN,primary,631197942,631197942_0
85421,85422,0.04632338109222509,5.335468122324301,0.5600228457776909,LIKELY_OPEN,primary,631197942,631197942_0
88231,130293,0.045761250037079884,51.36688566545557,0.7450056463857241,OPEN,primary,1307247737,1307247737_0
130294,130295,0.045714381062561184,80.76078275753807,0.7450056463857241,OPEN,primary,1307247737,1307247737_0
130293,130294,0.04569828839251283,11.992314007805035,0.7450056463857241,OPEN,primary,1307247737,1307247737_0
15386,85537,0.04566387825932189,104.53444397184305,0.7736514105246617,OPEN,primary,638928393,638928393_0
3607,130295,0.04564096289045119,89.79454128214537,0.7450056463857241,OPEN,primary,1307247737,1307247737_0
3607,84398,0.04505799293998992,126.80326865812839,0.7450056463857241,OPEN,primary,1307247737,1307247737_0
84361,84398,0.04504835216991487,22.68361102250768,0.7450056463857241,OPEN,primary,1307247737,1307247737_0
84108,84361,0.04504034291477559,158.86011320851583,0.7450056463857241,OPEN,primary,1307247737,1307247737_0
85422,85423,0.044956023256503816,677.6093333676787,0.5600228457776909,LIKELY_OPEN,primary,631197942,631197942_0
84108,84109,0.044934368603719854,10.89324523809928,0.5980228185653687,LIKELY_OPEN,primary,558769481,558769481_0
64775,85424,0.044923986235946727,40.91938630083831,0.5600228457776909,LIKELY_OPEN,primary,631197942,631197942_0
85423,85424,0.044914048826792445,24.108634217362244,0.5600228457776909,LIKELY_OPEN,primary,631197942,631197942_0
84109,84110,0.04482832013289431,238.4349075756033,0.8198621804164006,OPEN,primary,558769486,558769486_0
10022,10228,0.044423556109281837,18.410095443285265,0.7513188331911009,OPEN,tertiary,36970818,36970818_0
10021,10229,0.04442348194951203,15.500008219806965,0.7513188331911009,OPEN,tertiary,36970818,36970818_0
10021,10022,0.044420960517338556,32.594367199108376,0.7513188331911009,OPEN,tertiary,36970818,36970818_0
10024,10230,0.04442014475987067,23.590602877278737,0.7513188331911009,OPEN,tertiary,36970818,36970818_0
10020,10229,0.04441843908516508,18.179396295749257,0.7513188331911009,OPEN,tertiary,36970818,36970818_0
10020,10230,0.044415621013912374,35.33026326901304,0.7513188331911009,OPEN,tertiary,36970818,36970818_0
81109,92256,0.04440457120821097,39.761941709386655,0.6947417632738749,LIKELY_OPEN,primary,1151692614,1151692614_0
81109,92252,0.04440249473465634,140.84851866589315,0.508469296763925,LIKELY_OPEN,primary,764329019,764329019_0
66446,92252,0.044399157545014986,20.823600825530626,0.508469296763925,LIKELY_OPEN,primary,764329019,764329019_0
10024,10231,0.044398786746165944,19.146160622651763,0.7513188331911009,OPEN,tertiary,36970818,36970818_0
10231,10232,0.04439307644389072,29.58300387439593,0.7513188331911009,OPEN,tertiary,36970818,36970818_0
10235,10236,0.04438936845540032,31.902249143300477,0.7513188331911009,OPEN,tertiary,36970818,36970818_0
10236,10237,0.044389145976090894,78.93553509487793,0.7513188331911009,OPEN,tertiary,36970818,36970818_0
10232,10233,0.04438180415887989,15.736997514130499,0.7513188331911009,OPEN,tertiary,36970818,36970818_0
10233,10234,0.04437972768532527,83.77395598419952,0.7513188331911009,OPEN,tertiary,36970818,36970818_0
10234,10235,0.044357998872771504,68.73412333341392,0.7513188331911009,OPEN,tertiary,36970818,36970818_0
2925,10237,0.04433804989469313,81.67059239596577,0.7513188331911009,OPEN,tertiary,36970818,36970818_0
9450,85537,0.04421724362967577,6.372623464683398,0.7736514105246617,OPEN,primary,638928393,638928393_0
14637,124612,0.04398757082258017,4.870701673391967,0.7938668799400329,OPEN,tertiary,1167948142,1167948142_0
123616,123910,0.043868989350657056,50.11385943386589,0.7699213655789694,OPEN,primary,1158576160,1158576160_0
71974,123910,0.04386587464032512,16.58512435740995,0.7699213655789694,OPEN,primary,1158576160,1158576160_0
10005,10006,0.043797870131411114,37.105438470180054,0.7792618810192924,OPEN,tertiary,1158621923,1158621923_0
10006,10007,0.04379364302453206,34.30191610458507,0.7792618810192924,OPEN,tertiary,1158621923,1158621923_0
10228,64461,0.043792382308445316,25.124577723883192,0.7792618810192924,OPEN,tertiary,1158621923,1158621923_0
10007,64461,0.04379186319005666,33.02685440270099,0.7792618810192924,OPEN,tertiary,1158621923,1158621923_0
10005,47145,0.043788674319954916,77.01465317541378,0.7792618810192924,OPEN,tertiary,1158621923,1158621923_0
91583,91584,0.04370932336626027,51.518342599095774,0.7626963769472563,OPEN,residential,744544602,744544602_0
91582,91583,0.043506718875144616,5.9752540435823995,0.7626963769472563,OPEN,residential,744544602,744544602_0
14637,110931,0.04335513630565691,37.02552291075446,0.7546909358284691,OPEN,tertiary,1167947313,1167947313_0
14676,110931,0.04335009344130996,25.358953391104905,0.7546909358284691,OPEN,tertiary,1167947313,1167947313_0
14648,124417,0.04318219572246448,18.358901017829805,0.7855205252170563,OPEN,tertiary,1167947314,1167947314_0
14642,91582,0.04315127109845451,55.81955684891527,0.7876765947341919,OPEN,tertiary,1167948141,1167948141_0
14676,124611,0.043079113642431256,4.082778439548946,0.7546909358284691,OPEN,tertiary,1167947313,1167947313_0
14638,14642,0.04307473821601258,85.89532915656851,0.7876765947341919,OPEN,tertiary,1167948141,1167948141_0
124417,124611,0.04306902791373736,35.578757610084274,0.7546909358284691,OPEN,tertiary,1167947313,1167947313_0
14638,124612,0.04306747055857139,49.04760664829565,0.7876765947341919,OPEN,tertiary,1167948141,1167948141_0
122494,132701,0.04306064785974904,74.0113303074105,0.6324773181620098,LIKELY_OPEN,primary,1412642796,1412642796_0
122493,122494,0.043056939871258644,6.690339082572526,0.6575905978679657,LIKELY_OPEN,primary,1111976178,1111976178_0
53744,122493,0.04305323188276824,45.39105159002078,0.6685576398806138,LIKELY_OPEN,primary,1111976177,1111976177_0
14648,29722,0.04298730384740886,27.705762079450228,0.7656614236036937,OPEN,tertiary,111879327,111879327_0
29721,29722,0.0429353178487734,33.60885548155442,0.7656614236036937,OPEN,tertiary,111879327,111879327_0
14680,29721,0.042930868262584916,25.902421557271513,0.7656614236036937,OPEN,tertiary,111879327,111879327_0
9464,14680,0.04292567707869835,24.986539234574288,0.7656614236036937,OPEN,tertiary,111879327,111879327_0
9504,10148,0.042916258787932725,137.6102235738081,0.6384945076781434,LIKELY_OPEN,tertiary,36958059,36958059_0
83713,121765,0.042902020112129576,20.50808740360711,0.7604436373710632,OPEN,secondary,1283534969,1283534969_0
107927,126483,0.04210554418439085,35.006865534745124,0.7293580770492554,OPEN,primary,1323782723,1323782723_0
91492,107927,0.04208596600516152,30.954717092666044,0.7274412764821734,OPEN,primary,1076405815,1076405815_0
36722,48753,0.04203494408353357,102.13192669692165,0.5966187155692377,LIKELY_OPEN,primary,213352701,213352701_0
53756,108465,0.042005799293998995,52.314557910292635,0.5364692765758151,LIKELY_OPEN,primary,1111976179,1111976179_0
25231,108465,0.04200238794458782,5.558777034914288,0.5364692765758151,LIKELY_OPEN,primary,1111976179,1111976179_0
36710,91986,0.041675195040194596,48.08279286866294,0.6656486744880677,LIKELY_OPEN,primary,760886637,760886637_0
36710,91987,0.04165999228738394,42.22837839311531,0.6656486744880677,LIKELY_OPEN,primary,760886637,760886637_0
74791,74792,0.04161075020023138,121.82118754912719,0.4209249053053234,UNCERTAIN,residential,358326661,358326661_0
9735,74791,0.04160392750140904,102.02582518141944,0.4209249053053234,UNCERTAIN,residential,358326661,358326661_0
9734,91588,0.04158761235205126,72.96624543638882,0.6238408035616722,LIKELY_OPEN,residential,1158654948,1158654948_0
91584,91588,0.04157166800154252,53.929537235852116,0.6238408035616722,LIKELY_OPEN,residential,1158654948,1158654948_0
61609,83610,0.041404586040164934,11.12090317139932,0.8299446821212769,OPEN,primary,1410597954,1410597954_0
83610,91987,0.04140280620568954,46.2193476392399,0.5939971514181657,LIKELY_OPEN,primary,1148198612,1148198612_0
61609,61610,0.0413775918839548,76.3036873649202,0.5966187155692377,LIKELY_OPEN,primary,213352701,213352701_0
61610,61611,0.04137091750467207,22.41714996185532,0.5966187155692377,LIKELY_OPEN,primary,213352701,213352701_0
55087,61611,0.041366171279404354,31.687056172446866,0.5966187155692377,LIKELY_OPEN,primary,213352701,213352701_0
36722,61612,0.04134414582777135,41.69636341468806,0.5966187155692377,LIKELY_OPEN,primary,213352701,213352701_0
55087,61612,0.041344071668001546,141.72503188727921,0.5966187155692377,LIKELY_OPEN,primary,213352701,213352701_0
5541,63642,0.04119019014564979,56.46039885205509,0.7336533388001715,OPEN,primary,217565204,217565204_0
5541,63643,0.04116037791818694,127.93406096064507,0.7336533388001715,OPEN,primary,217565204,217565204_0
102227,126467,0.04112552282637715,94.77419521146885,0.5002862348095063,LIKELY_OPEN,primary,1190419784,1190419784_0
73003,102227,0.04110349737474415,205.14783956148403,0.48368881538856856,UNCERTAIN,primary,1190419785,1190419785_0
880,34541,0.04108933285871081,31.595034064842885,0.443102343966884,UNCERTAIN,secondary,1526077563,1526077563_0
34541,34544,0.04107427842543977,20.326940962728624,0.8102498876131499,OPEN,secondary,1283536572,1283536572_0
362,363,0.04106463765536472,10.209818859502656,0.6563274192438691,LIKELY_OPEN,trunk,23046218,23046218_0
76114,76115,0.04094219987541159,120.8209237115773,0.5777873089738713,LIKELY_OPEN,trunk,380724513,380724513_0
83713,129927,0.04094086499955504,1.5644583329652355,0.7604436373710632,OPEN,secondary,1283534969,1283534969_0
76114,77779,0.040935377176589245,94.1608440842676,0.8858855407238005,OPEN,trunk,396493453,396493453_0
79930,79931,0.040934190620272315,102.18036139436316,0.6902945494651795,LIKELY_OPEN,service,502730017,502730017_0
77779,79931,0.04092914775592537,63.58083545570245,0.7567484026295798,OPEN,trunk,1089715166,1089715166_0
79930,108284,0.040928109519148055,2.9003895406513083,0.9187975287437439,OPEN,trunk,1089715165,1089715165_0
91487,91953,0.04086544451366023,12.130449139181335,0.8616463960433491,OPEN,primary,760493331,760493331_0
91488,91493,0.04082695559312984,20.663136702474283,0.7599238455295563,OPEN,primary,737503004,737503004_0
91488,91489,0.04082354424371867,49.51501480712899,0.9061635553836823,OPEN,primary,737503003,737503003_0
108283,108284,0.04081872385868115,20.932874157352828,0.9187975287437439,OPEN,trunk,1089715165,1089715165_0
67845,91485,0.040818278900062295,2.1072488365109265,0.8907994091510772,OPEN,primary,1343751226,1343751226_0
9940,21673,0.04081664738512652,5.238316219049582,0.4707756443671238,UNCERTAIN,tertiary,45443987,45443987_0
91485,91486,0.04081486755065113,38.03147471786663,0.5568866340319316,LIKELY_OPEN,primary,737503001,737503001_0
21673,72592,0.0408127910770965,8.867421729167573,0.5173022393385569,LIKELY_OPEN,tertiary,324405052,324405052_0
91486,91487,0.040811901159858804,60.23222621787744,0.7755614742210933,OPEN,primary,737503002,737503002_0
9960,72592,0.040809528047224944,3.9925062158645703,0.6083919990062714,LIKELY_OPEN,tertiary,324405051,324405051_0
67845,91489,0.04080856397021744,5.97120857851806,0.9061635553836823,OPEN,primary,737503003,737503003_0
108282,108283,0.040794399454184095,15.325360994773956,0.9187975287437439,OPEN,trunk,1089715165,1089715165_0
66528,80036,0.040752795823321766,12.760276626508618,0.6161904038295114,LIKELY_OPEN,primary,479245734,479245734_0
34544,129927,0.040683233959241796,37.55548936595693,0.8102498876131499,OPEN,secondary,1283536572,1283536572_0
91492,91493,0.04057414493785411,15.06747519950849,0.7599238455295563,OPEN,primary,737503004,737503004_0
26702,72989,0.04057384829877488,32.32216208317803,0.8533187840325491,OPEN,primary,328758435,328758435_0
72987,72988,0.04055019133220611,141.5468143394922,0.8533187840325491,OPEN,primary,328758435,328758435_0
26702,72988,0.04054982053335707,85.46577150711082,0.8533187840325491,OPEN,primary,328758435,328758435_0
72986,72987,0.04054544510693839,46.0069007746791,0.8533187840325491,OPEN,primary,328758435,328758435_0
5639,5640,0.040442807985524014,21.993788141937856,0.4028890436790029,UNCERTAIN,secondary,28842920,28842920_0
5640,5641,0.04044251134644478,79.40045296372257,0.4028890436790029,UNCERTAIN,secondary,28842920,28842920_0
5638,5639,0.040440879831509007,137.9300637380115,0.4028890436790029,UNCERTAIN,secondary,28842920,28842920_0
5637,123657,0.04037406187891193,27.714000839581665,0.8039710140228271,OPEN,secondary,1369547325,1369547325_0
5637,5638,0.04037317196167423,56.892890567397686,0.4028890436790029,UNCERTAIN,secondary,28842920,28842920_0
9148,9149,0.040042641867639645,21.384323931652876,0.9460474371910096,OPEN,primary,36853145,36853145_0
78360,92679,0.03987096200053395,8.316173388940333,0.9732330203056335,OPEN,secondary,1167883105,1167883105_0
381,121214,0.039866141615496425,134.32565806202925,0.465792328119278,UNCERTAIN,trunk,1259763900,1259763900_0
121214,126973,0.03986198866838717,19.26341019724797,0.465792328119278,UNCERTAIN,trunk,1259763900,1259763900_0
380,381,0.039860357153451396,14.611482108876837,0.6563274192438691,LIKELY_OPEN,trunk,23046218,23046218_0
1858,78360,0.039801177657144554,11.18539395489373,0.9769134640693663,OPEN,secondary,1167883099,1167883099_0
373,374,0.03976965975497612,22.608973537920193,0.6563274192438691,LIKELY_OPEN,trunk,23046218,23046218_0
363,364,0.039648556850879535,254.52122003295727,0.6563274192438691,LIKELY_OPEN,trunk,23046218,23046218_0
364,365,0.03962549316246922,105.60996267020288,0.6563274192438691,LIKELY_OPEN,trunk,23046218,23046218_0
365,366,0.039624454925691915,20.742252423623142,0.6563274192438691,LIKELY_OPEN,trunk,23046218,23046218_0
366,367,0.0396234166889146,19.747234738527737,0.6563274192438691,LIKELY_OPEN,trunk,23046218,23046218_0
9464,10143,0.039590934709738665,44.415342575045784,0.6384945076781434,LIKELY_OPEN,tertiary,36958059,36958059_0
10144,10145,0.03955222330989885,25.83011264775131,0.6384945076781434,LIKELY_OPEN,tertiary,36958059,36958059_0
10143,10144,0.03954858948117825,38.9275399020571,0.6384945076781434,LIKELY_OPEN,tertiary,36958059,36958059_0
10145,10146,0.0395333867283676,29.759093005692158,0.6384945076781434,LIKELY_OPEN,tertiary,36958059,36958059_0
10146,10147,0.039503574500904755,38.14376351234816,0.6384945076781434,LIKELY_OPEN,tertiary,36958059,36958059_0
9504,10147,0.039500608110112426,61.91569100078305,0.6384945076781434,LIKELY_OPEN,tertiary,36958059,36958059_0
112224,124711,0.039370086915250214,57.81835373241332,0.3479453461930372,UNCERTAIN,tertiary,1182221973,1182221973_0
57510,77872,0.039361632701492094,25.797155015965107,0.2236423879861832,LIKELY_BLOCKED,primary,766299887,766299887_0
34344,34345,0.03933790157515351,94.04268809188196,0.9191655659675597,OPEN,primary,132191814,132191814_0
34345,34346,0.03933701165791582,36.96119866737346,0.9191655659675597,OPEN,primary,132191814,132191814_0
124708,124709,0.03932840912461808,42.364520900888266,0.3479453461930372,UNCERTAIN,tertiary,1182221973,1182221973_0
124710,124711,0.039320918987867465,106.26777671052159,0.3479453461930372,UNCERTAIN,tertiary,1182221973,1182221973_0
124707,124708,0.03931950995224111,100.82024608396961,0.3479453461930372,UNCERTAIN,tertiary,1182221973,1182221973_0
124709,124710,0.03931646940167898,10.329288867003141,0.3479453461930372,UNCERTAIN,tertiary,1182221973,1182221973_0
9240,9241,0.03922821927560737,103.37663831396193,0.860481276210532,OPEN,secondary,36885143,36885143_0
9239,9240,0.0391908427516241,114.32529297926212,0.860481276210532,OPEN,secondary,36885143,36885143_0
29934,112224,0.03918935955622794,64.81598203559773,0.3479453461930372,UNCERTAIN,tertiary,1182221973,1182221973_0
25080,34512,0.03913930171160749,30.797329022158156,0.6944390845298767,LIKELY_OPEN,secondary,1311716614,1311716614_0
374,375,0.03912906766337398,127.4870474794522,0.6563274192438691,LIKELY_OPEN,trunk,23046218,23046218_0
375,376,0.03912802942659666,72.92956073348006,0.6563274192438691,LIKELY_OPEN,trunk,23046218,23046218_0
376,377,0.039110676040461576,95.45052229924723,0.6563274192438691,LIKELY_OPEN,trunk,23046218,23046218_0
14592,29934,0.03907678502565928,73.59107132413865,0.7708845663070678,OPEN,tertiary,113287088,113287088_0
72986,123672,0.03896361721693216,9.95599170685776,0.9151069760322571,OPEN,primary,1332592279,1332592279_0
13646,79996,0.03896243066061523,50.08741945502483,0.42117614442651924,UNCERTAIN,tertiary,476486861,476486861_0
79996,97451,0.03895901931120406,34.7082334239415,0.218687504529953,LIKELY_BLOCKED,tertiary,1511182511,1511182511_0
97450,97451,0.03895605292041174,13.541398172730727,0.2802614235877991,LIKELY_BLOCKED,tertiary,790650988,790650988_0
97450,97453,0.038953086529619416,11.116967859404545,0.7587360107898713,OPEN,tertiary,790650993,790650993_0
9238,79386,0.03854261220373172,6.877216540749381,0.9747243762016297,OPEN,secondary,1259465078,1259465078_0
377,378,0.03852103171071757,20.680822859714095,0.6563274192438691,LIKELY_OPEN,trunk,23046218,23046218_0
71968,93824,0.038471270505176354,195.26094324782568,0.8801831962813192,OPEN,primary,776970593,776970593_0
29435,93824,0.03846118477648246,67.49673868093997,0.8801831962813192,OPEN,primary,776970593,776970593_0
29435,73276,0.03828935658983715,44.02642745743666,0.8801831962813192,OPEN,primary,776970593,776970593_0
25456,79530,0.03813206371807422,36.276703034934854,0.5278184942638173,LIKELY_OPEN,trunk,458681953,458681953_0
9358,9359,0.038045148467859155,28.431537760126062,0.6644030175209046,LIKELY_OPEN,residential,36897660,36897660_0
9149,25392,0.038011702411675716,182.10228700926376,0.4823472250762739,UNCERTAIN,service,232207305,232207305_0
25379,25392,0.03800754946456646,14.092113833417407,0.5864929497241974,LIKELY_OPEN,service,53583685,53583685_0
362,79530,0.03798574649224289,10.895594612455174,0.9254284024238587,OPEN,residential,1067451648,1067451648_0
379,380,0.037942066387825935,9.800751023936199,0.6563274192438691,LIKELY_OPEN,trunk,23046218,23046218_0
378,379,0.03793917415680342,110.847932550373,0.6563274192438691,LIKELY_OPEN,trunk,23046218,23046218_0
81106,92684,0.03778173296550088,6.5522088699621435,0.57042973800139,LIKELY_OPEN,primary,766406229,766406229_0
81106,92685,0.03777906321378779,9.491148419898177,0.57042973800139,LIKELY_OPEN,primary,766406229,766406229_0
35574,35583,0.03777743169885201,8.002718402578742,0.7385370177757449,OPEN,secondary,1244012472,1244012472_0
81107,92685,0.037771053958648514,6.560667057305384,0.57042973800139,LIKELY_OPEN,primary,766406229,766406229_0
58328,81107,0.03776838420693542,62.520731151466926,0.57042973800139,LIKELY_OPEN,primary,766406229,766406229_0
28349,58328,0.037764157100056366,47.515133284881514,0.8035201299190522,OPEN,primary,766406228,766406228_0
6583,6584,0.03775370057251343,15.104625937582817,0.6056547494790026,LIKELY_OPEN,secondary,31565066,31565066_0
276,79656,0.037747248672540125,18.461750005199242,0.7139181091504938,OPEN,primary,461556535,461556535_0
79655,79656,0.037740574293257396,68.44660802301006,0.7139181091504938,OPEN,primary,461556535,461556535_0
28349,79655,0.037733825754204864,40.50168991901056,0.8035201299190522,OPEN,primary,766406228,766406228_0
10882,10883,0.03771691732668862,38.55529122262972,0.8212581968423233,OPEN,primary,37339420,37339420_0
10892,10893,0.037709353030168195,11.956595559039986,0.8212581968423233,OPEN,primary,37339420,37339420_0
10891,10892,0.03770490344397971,18.192824733344587,0.8212581968423233,OPEN,primary,37339420,37339420_0
10881,10882,0.03770431016582125,40.031405163220754,0.8212581968423233,OPEN,primary,37339420,37339420_0
10890,10891,0.03770245617157605,16.333332201073823,0.8212581968423233,OPEN,primary,37339420,37339420_0
10884,10885,0.037701788733647774,51.72462742349616,0.8212581968423233,OPEN,primary,37339420,37339420_0
10889,10890,0.037699489780783725,27.751774315731875,0.8212581968423233,OPEN,primary,37339420,37339420_0
123719,123722,0.0376992673014743,14.622039676820698,0.8320669174194336,OPEN,primary,1373654550,1373654550_0
10883,10884,0.03769778410607814,61.849189270584255,0.8212581968423233,OPEN,primary,37339420,37339420_0
123718,123719,0.03769674586930082,76.47176889822482,0.7698870994062986,OPEN,primary,1151693391,1151693391_0
1129,2979,0.03769607843137255,22.374756875551338,0.9190839171409607,OPEN,primary,230078163,230078163_0
10893,123718,0.0376946693957462,39.16328226823191,0.9156043648719788,OPEN,primary,1301947704,1301947704_0
10888,10889,0.03769385363827831,47.10228353352392,0.8212581968423233,OPEN,primary,37339420,37339420_0
52,10881,0.0376928895612708,101.75101904055387,0.8212581968423233,OPEN,primary,37339420,37339420_0
10887,10888,0.0376919254842633,6.7900681323080265,0.8212581968423233,OPEN,primary,37339420,37339420_0
10886,10887,0.037690442288867136,40.47035731573797,0.8212581968423233,OPEN,primary,37339420,37339420_0
10885,10886,0.03767894752454689,46.259751817995856,0.8212581968423233,OPEN,primary,37339420,37339420_0
21642,53338,0.03763200439025838,34.79620654531374,0.6012003016471863,LIKELY_OPEN,secondary,172899268,172899268_0
123722,123723,0.0375936637892676,10.186229545184112,0.8932079434394836,OPEN,primary,1373654551,1373654551_0
85548,123723,0.03749807184598499,14.082823914256345,0.9230525374412536,OPEN,secondary,1373654552,1373654552_0
85548,85549,0.03749228738393996,42.60232912209242,0.8910473704338074,OPEN,secondary,639010021,639010021_0
85549,123782,0.03748754115867225,40.22229981733838,0.8538940968513488,OPEN,secondary,1301947706,1301947706_0
53338,123782,0.03748553884488743,20.66071946989842,0.5896394832928976,LIKELY_OPEN,secondary,1155064209,1155064209_0
52169,91953,0.03727692741241732,224.05134373742285,0.8616463960433491,OPEN,primary,760493331,760493331_0
63648,63649,0.0371298685888879,533.1864509516016,0.7336533388001715,OPEN,primary,217565204,217565204_0
29843,53192,0.03710991961080953,21.78639505022675,0.7336533388001715,OPEN,primary,217565204,217565204_0
53192,63649,0.03710739817863606,174.73807038199428,0.7336533388001715,OPEN,primary,217565204,217565204_0
25369,63648,0.03703761383524666,33.14267993617374,0.7336533388001715,OPEN,primary,217565204,217565204_0
6427,6428,0.03703019785826585,5.801430216780609,0.9730407059192657,OPEN,primary,31235669,31235669_0
6427,26142,0.037027824745631994,5.637847050926974,0.9567593812942504,OPEN,primary,139141579,139141579_0
26142,40749,0.03700668921123669,11.065035453749546,0.9567593812942504,OPEN,primary,139141579,139141579_0
75164,75165,0.036997196760701255,3.7184609329598213,0.8205163085460662,OPEN,primary,367491276,367491276_0
92683,92684,0.03696938684702323,3.900445693846294,0.57042973800139,LIKELY_OPEN,primary,766406229,766406229_0
9846,75164,0.03696523389991398,81.57668852534242,0.7113912513520982,OPEN,primary,1210473310,1210473310_0
75165,91972,0.036949141229865624,14.11148220990781,0.8470482301712037,OPEN,primary,1382921527,1382921527_0
108246,108247,0.03690612856337694,8.529015737824485,0.5803895943815058,LIKELY_OPEN,primary,1086212781,1086212781_0
5866,108246,0.03689982498294325,1.7963015882345026,0.5803895943815058,LIKELY_OPEN,primary,1086212781,1086212781_0
92681,92682,0.036896413633532084,6.31194760982466,0.57042973800139,LIKELY_OPEN,primary,766406229,766406229_0
92681,108247,0.03689463379905669,37.170015238755035,0.5803895943815058,LIKELY_OPEN,primary,1086212781,1086212781_0
92682,92683,0.036890925810566286,6.141149227634356,0.57042973800139,LIKELY_OPEN,primary,766406229,766406229_0
9846,72099,0.036875129779597164,55.48438880731415,0.538781138093848,LIKELY_OPEN,primary,458439814,458439814_0
9194,72099,0.036872830826733115,57.80943381663124,0.538781138093848,LIKELY_OPEN,primary,458439814,458439814_0
9194,35093,0.036864747411824036,64.74725178113243,0.538781138093848,LIKELY_OPEN,primary,458439814,458439814_0
35069,58317,0.03682114146717689,156.40097546786166,0.538781138093848,LIKELY_OPEN,primary,458439814,458439814_0
35069,35093,0.03677375337426953,38.22294282799251,0.538781138093848,LIKELY_OPEN,primary,458439814,458439814_0
21281,106851,0.03661631218296699,120.8205095340099,0.8263290989398957,OPEN,primary,1408299028,1408299028_0
21281,58317,0.03659688232327727,124.9638640540609,0.8263290989398957,OPEN,primary,1408299028,1408299028_0
73276,93823,0.036507000682269884,357.1044958295901,0.8801831962813192,OPEN,primary,776970593,776970593_0
79991,79994,0.03640666251371956,28.58657089247007,0.42117614442651924,UNCERTAIN,tertiary,476486861,476486861_0
79994,79995,0.036399839814897215,24.35562301963881,0.42117614442651924,UNCERTAIN,tertiary,476486861,476486861_0
13646,79995,0.03639331375515411,15.687517412535456,0.42117614442651924,UNCERTAIN,tertiary,476486861,476486861_0
93827,93828,0.03633761976802824,2.1489554510089235,0.8895796775817871,OPEN,primary,776970599,776970599_0
93823,93828,0.0363345050576963,6.57042896073882,0.8658135771751404,OPEN,primary,1253116898,1253116898_0
72990,93827,0.03633272522322091,13.746087359938379,0.8935602426528931,OPEN,primary,776970601,776970601_0
72989,72990,0.03631900566580642,36.97115355855096,0.8533187840325491,OPEN,primary,328758435,328758435_0
34705,53046,0.03631581679570467,33.98144121207684,0.6415623631844154,LIKELY_OPEN,secondary,284772853,284772853_0
25080,53046,0.036307807540565395,86.49631010615093,0.6415623631844154,LIKELY_OPEN,secondary,284772853,284772853_0
34705,68196,0.03622956898341788,11.977967657861136,0.6415623631844154,LIKELY_OPEN,secondary,284772853,284772853_0
25090,68196,0.03621859333748628,27.062739866360136,0.6415623631844154,LIKELY_OPEN,secondary,284772853,284772853_0
25090,58471,0.036193008216902495,46.2184122941759,0.6415623631844154,LIKELY_OPEN,secondary,284772853,284772853_0
752,58471,0.036174913233069324,45.93963264112519,0.6415623631844154,LIKELY_OPEN,secondary,284772853,284772853_0
91341,123659,0.036094894841446415,125.99384499727675,0.6530410755764354,LIKELY_OPEN,tertiary,1148488638,1148488638_0
116427,123659,0.03609103853341639,60.16253020390477,0.6530410755764354,LIKELY_OPEN,tertiary,1148488638,1148488638_0
116426,116427,0.036090296935718316,43.416943011925845,0.6530410755764354,LIKELY_OPEN,tertiary,1148488638,1148488638_0
102943,116426,0.03608955533802023,73.97587984606082,0.6530410755764354,LIKELY_OPEN,tertiary,1148488638,1148488638_0
59675,79997,0.0360534395301237,53.136698675129125,0.35618942519451713,UNCERTAIN,tertiary,1268180504,1268180504_0
79992,79997,0.036049434902554064,29.59165159862481,0.2523368388414383,LIKELY_BLOCKED,tertiary,476486862,476486862_0
59675,129679,0.03604691347038059,47.0592173759358,0.35618942519451713,UNCERTAIN,tertiary,1268180504,1268180504_0
79992,79993,0.03604543027498443,40.671599198992496,0.42117614442651924,UNCERTAIN,tertiary,476486861,476486861_0
79991,79993,0.03603386135089437,51.22066143417452,0.42117614442651924,UNCERTAIN,tertiary,476486861,476486861_0
71973,71974,0.036028225208388956,12.166600396967997,0.6734531061649324,LIKELY_OPEN,primary,311366224,311366224_0
71972,71973,0.03602377562220047,74.65023783145872,0.6734531061649324,LIKELY_OPEN,primary,311366224,311366224_0
71971,71972,0.03600597727744653,12.58757067904767,0.6734531061649324,LIKELY_OPEN,primary,311366224,311366224_0
71970,71971,0.035997078105069566,104.1625729414186,0.6734531061649324,LIKELY_OPEN,primary,311366224,311366224_0
10217,71968,0.03599225772003204,11.791387134760324,0.6734531061649324,LIKELY_OPEN,primary,311366224,311366224_0
71969,71970,0.03598580582005874,58.59951443976168,0.6734531061649324,LIKELY_OPEN,primary,311366224,311366224_0
10217,71969,0.03598372934650411,117.2541690506295,0.6734531061649324,LIKELY_OPEN,primary,311366224,311366224_0
55566,92129,0.035895108421583465,18.50328590869263,0.8350473276162758,OPEN,secondary,763175325,763175325_0
15370,92129,0.035893921865266534,32.87474885241478,0.8350473276162758,OPEN,secondary,763175325,763175325_0
15370,92128,0.03589229035033076,24.274777057237102,0.8350473276162758,OPEN,secondary,763175325,763175325_0
92127,92128,0.03589110379401383,16.023908167749816,0.8350473276162758,OPEN,secondary,763175325,763175325_0
15377,92127,0.0358899172376969,57.92963952146074,0.8350473276162758,OPEN,secondary,763175325,763175325_0
55566,92130,0.035885690130817834,28.23098559024126,0.8350473276162758,OPEN,secondary,763175325,763175325_0
83,92130,0.03588272374002551,8.155137638784558,0.8350473276162758,OPEN,secondary,763175325,763175325_0
48753,61613,0.03581857553914153,44.355778692623204,0.5966187155692377,LIKELY_OPEN,primary,213352701,213352701_0
12408,61613,0.03581427427249266,47.47849648618813,0.5966187155692377,LIKELY_OPEN,primary,213352701,213352701_0
9206,40749,0.03578312716917327,65.78134379142413,0.8735543557802836,OPEN,primary,372018380,372018380_0
34511,52802,0.035767479457743764,20.660956972380145,0.7385370177757449,OPEN,secondary,1244012472,1244012472_0
226,92268,0.03571897896828929,10.235884236111618,0.7791236019134522,OPEN,secondary,764406991,764406991_0
34323,94667,0.03571845984990063,3.8862541002743995,0.90317724943161,OPEN,primary,1323782720,1323782720_0
92267,92268,0.03571601257749696,6.655866967826338,0.7791236019134522,OPEN,secondary,764406991,764406991_0
12408,23413,0.03570792916258788,18.47970637945159,0.5966187155692377,LIKELY_OPEN,primary,213352701,213352701_0
79723,79724,0.03570207054077305,26.31048263644054,0.8277354713848659,OPEN,primary,462585125,462585125_0
9157,79723,0.03570058734537688,9.772332617211283,0.8214164304733278,OPEN,primary,462585126,462585126_0
2066,9157,0.03569910414998072,8.335282704289707,0.8759507462074017,OPEN,primary,36853146,36853146_0
91484,94667,0.03567262911215924,8.509353300654006,0.90317724943161,OPEN,primary,1323782720,1323782720_0
9206,34323,0.03567070095814423,65.9316710268853,0.8729818506240844,OPEN,primary,132047069,132047069_0
34511,88166,0.03567040431906499,53.05809250783195,0.7385370177757449,OPEN,secondary,1244012472,1244012472_0
91483,91484,0.0356649164960992,23.508751239910396,0.8588837679227194,OPEN,primary,737502997,737502997_0
91483,126476,0.03566106018806918,70.48692040361401,0.8331507503986358,OPEN,primary,1190621347,1190621347_0
126476,126478,0.03565735219957877,31.354625297401768,0.9056087493896484,OPEN,primary,1190621348,1190621348_0
35583,35596,0.035636142505413665,5.75648164587928,0.7385370177757449,OPEN,secondary,1244012472,1244012472_0
126477,126478,0.035631470439915755,11.042201522722666,0.9056087493896484,OPEN,primary,1190621348,1190621348_0
75391,126477,0.035627762451425356,9.629282525743001,0.7293580770492554,OPEN,primary,1323782723,1323782723_0
2066,9156,0.035605292041173506,75.36300953319537,0.8759507462074017,OPEN,primary,36853146,36853146_0
9154,9155,0.03560173237222272,34.564227821583934,0.8759507462074017,OPEN,primary,36853146,36853146_0
9153,9154,0.03560128741360387,51.76702750132914,0.8759507462074017,OPEN,primary,36853146,36853146_0
35575,83574,0.03559898846073982,11.002015521937887,0.7385370177757449,OPEN,secondary,1244012472,1244012472_0
9155,9156,0.03559668950787577,66.36916676856004,0.8759507462074017,OPEN,primary,36853146,36853146_0
75391,126483,0.035595651271098455,7.402533205706031,0.7293580770492554,OPEN,primary,1323782723,1323782723_0
35575,88166,0.035590979205600545,59.62485100245623,0.7385370177757449,OPEN,secondary,1244012472,1244012472_0
35574,83574,0.035569472872356206,37.87776044089869,0.7385370177757449,OPEN,secondary,1244012472,1244012472_0
92167,92267,0.035546779982794936,53.73203022121467,0.7791236019134522,OPEN,secondary,764406991,764406991_0
9152,9153,0.03553380202307852,46.28093810301434,0.8759507462074017,OPEN,primary,36853146,36853146_0
14685,127062,0.035442807985524016,67.6222673180707,0.9178491137615621,OPEN,secondary,1207956704,1207956704_0
16015,51012,0.03537532259499867,10.095626950775214,0.6343476656387592,LIKELY_OPEN,residential,164042299,164042299_0
75585,79724,0.03536568182492362,14.633979207841035,0.7267227375507355,OPEN,primary,763284657,763284657_0
226,227,0.035360045682418205,6.140067944432585,0.7587007601333389,OPEN,secondary,23029284,23029284_0
232,233,0.03535922992495032,6.45129681830141,0.7587007601333389,OPEN,secondary,23029284,23029284_0
227,228,0.03534907003648661,17.982940246572984,0.7587007601333389,OPEN,secondary,23029284,23029284_0
228,229,0.035344323811218895,13.132125152031369,0.7587007601333389,OPEN,secondary,23029284,23029284_0
229,230,0.035339577585951173,4.0707433218755655,0.7587007601333389,OPEN,secondary,23029284,23029284_0
231,232,0.03533127169173267,27.106341820722744,0.7587007601333389,OPEN,secondary,23029284,23029284_0
230,231,0.035325338910148024,79.32206745560343,0.7587007601333389,OPEN,secondary,23029284,23029284_0
83515,124704,0.035313769986057966,5.223986775316698,0.9156807184219361,OPEN,primary,1312841562,1312841562_0
9152,92691,0.03528788822639495,119.98766220824965,0.7885200477123261,OPEN,primary,1109914955,1109914955_0
40316,72444,0.03527023820118062,58.020584154697985,0.7595637172774266,OPEN,secondary,1335867266,1335867266_0
237,238,0.03525785351962268,30.629142914535258,0.7587007601333389,OPEN,secondary,23029284,23029284_0
233,234,0.0352543680104417,32.504489123034716,0.7587007601333389,OPEN,secondary,23029284,23029284_0
235,236,0.03525177241849842,6.650817486685217,0.7587007601333389,OPEN,secondary,23029284,23029284_0
34335,34336,0.03524606211622319,305.1202384992168,0.8448918151855469,OPEN,primary,132191813,132191813_0
234,235,0.03524517219898549,46.42935619631275,0.7587007601333389,OPEN,secondary,23029284,23029284_0
34336,92691,0.03524502387944588,12.388141377547605,0.7917521238327027,OPEN,primary,1314544795,1314544795_0
123721,123723,0.035240648453027205,20.362747071617775,0.8946995139122008,OPEN,primary,1518689035,1518689035_0
21019,132701,0.03523990685532912,22.45285798055389,0.6324773181620098,LIKELY_OPEN,primary,1412642796,1412642796_0
85538,123721,0.035239461896710275,42.46637112752461,0.8198283102512359,OPEN,primary,1151693393,1151693393_0
238,2280,0.03522678057607309,19.462312967880756,0.8062158810858634,OPEN,secondary,239572011,239572011_0
236,237,0.0352259648186052,54.19511170417409,0.7587007601333389,OPEN,secondary,23029284,23029284_0
1375,1376,0.03521543413129246,61.28850211090057,0.6307395807290689,LIKELY_OPEN,secondary,23078156,23078156_0
123999,124000,0.03518866245439174,5.104455920809899,0.9672030508518218,OPEN,secondary,1162838932,1162838932_0
752,60486,0.035187920856693665,51.455344788473354,0.6120711823304494,LIKELY_OPEN,secondary,1259465069,1259465069_0
75585,85538,0.035183545430274986,148.36791049079136,0.5983655435039151,LIKELY_OPEN,primary,638928394,638928394_0
92153,123723,0.03513348758565454,96.03470078576629,0.6738102081843785,LIKELY_OPEN,primary,1151693395,1151693395_0
52802,60486,0.03513333926611492,183.24536165367044,0.6120711823304494,LIKELY_OPEN,secondary,1259465069,1259465069_0
88399,92153,0.03513126279256029,157.2674556866272,0.6638420304746339,LIKELY_OPEN,primary,763284654,763284654_0
108091,123657,0.035051021921627956,28.42872603195225,0.7849480949129377,OPEN,primary,1509734438,1509734438_0
190,108091,0.03505087360208834,219.66584125549184,0.7528961439223228,OPEN,primary,1082927840,1082927840_0
50995,132510,0.03501861410222183,11.526995651194062,0.6801671600341798,LIKELY_OPEN,primary,1386556899,1386556899_0
132510,134885,0.03501624098958797,45.72255077683043,0.5782288202372464,LIKELY_OPEN,primary,1509734442,1509734442_0
129247,134885,0.03501386787695411,35.60594051321111,0.7769644898838468,OPEN,primary,1509732601,1509732601_0
164,190,0.03501245884132776,167.44316330051075,0.7528961439223228,OPEN,primary,1082927840,1082927840_0
164,129247,0.03499510545519267,91.28325702026795,0.7769644898838468,OPEN,primary,1509732601,1509732601_0
16041,40316,0.03492591438996174,61.97677586183345,0.7595637172774266,OPEN,secondary,1335867266,1335867266_0
51012,73615,0.03491404882679244,55.437422788797754,0.7471189507290169,OPEN,secondary,639010020,639010020_0
1378,16041,0.034913158909554744,64.60957454657047,0.7595637172774266,OPEN,secondary,1335867266,1335867266_0
72444,73615,0.03490574293257394,70.19010482426725,0.7471189507290169,OPEN,secondary,639010020,639010020_0
21642,53337,0.03489224585446887,56.66282340667267,0.6012003016471863,LIKELY_OPEN,secondary,172899268,172899268_0
53336,53337,0.03488275340393344,55.37326489007587,0.6012003016471863,LIKELY_OPEN,secondary,172899268,172899268_0
53334,53335,0.03487993533268073,29.74186762896055,0.6012003016471863,LIKELY_OPEN,secondary,172899268,172899268_0
53333,53334,0.03487459582925455,38.08694804990843,0.6012003016471863,LIKELY_OPEN,secondary,172899268,172899268_0
53335,53336,0.034873631752247045,86.4418536141761,0.6012003016471863,LIKELY_OPEN,secondary,172899268,172899268_0
92253,92254,0.03486324938447391,37.18599787738903,0.570018721818924,LIKELY_OPEN,primary,764329020,764329020_0
188,92255,0.034863175224704106,121.46624718567026,0.570018721818924,LIKELY_OPEN,primary,764329020,764329020_0
92253,134883,0.034858206520126965,94.1661559376821,0.714870332479477,OPEN,primary,1509732599,1509732599_0
1375,53333,0.03485709412357984,90.64676956106008,0.6012003016471863,LIKELY_OPEN,secondary,172899268,172899268_0
134878,134890,0.03485227373854232,17.264537799427327,0.5989023043491222,LIKELY_OPEN,primary,1509732605,1509732605_0
92254,92255,0.03485219957877251,88.06271644920761,0.570018721818924,LIKELY_OPEN,primary,764329020,764329020_0
134883,134890,0.03485108718222539,175.81840754270695,0.49131234771496546,UNCERTAIN,primary,1509734445,1509734445_0
50995,134878,0.034846563436267096,112.56841189196884,0.5989023043491222,LIKELY_OPEN,primary,1509732605,1509732605_0
188,92256,0.034843003767316305,67.31250155612148,0.570018721818924,LIKELY_OPEN,primary,764329020,764329020_0
1404,16015,0.03483684850642224,135.52369338586303,0.7198971321253942,OPEN,residential,38773820,38773820_0
1376,1377,0.034835736109875115,63.09901282880674,0.6307395807290689,LIKELY_OPEN,secondary,23078156,23078156_0
1377,1378,0.03483262139954318,65.52441301133462,0.6307395807290689,LIKELY_OPEN,secondary,23078156,23078156_0
9566,34337,0.03477522173771173,64.64380017549232,0.9191655659675597,OPEN,primary,132191814,132191814_0
95753,107914,0.034752158049301415,84.6728315927777,0.940334620061128,OPEN,secondary,1076405802,1076405802_0
95753,107913,0.03472961347927976,6.83629959889155,0.940334620061128,OPEN,secondary,1076405802,1076405802_0
107913,124000,0.034728575242502446,12.04880754719915,0.9672030508518218,OPEN,secondary,1162838932,1162838932_0
25072,91272,0.03472701788733648,41.28641412312665,0.9292560040950776,OPEN,secondary,779282855,779282855_0
52175,107914,0.034724496455163005,14.759485258446933,0.940334620061128,OPEN,secondary,1076405802,1076405802_0
9566,91302,0.03472427397585358,15.291702334668745,0.9669761538505554,OPEN,primary,736430943,736430943_0
16535,25072,0.034722568301148,12.594258889158754,0.7620190527872606,OPEN,secondary,52242930,52242930_0
13408,79534,0.034660422414048826,235.72150941730914,0.5278184942638173,LIKELY_OPEN,trunk,458681953,458681953_0
66455,78842,0.0346555278692415,9.717657895070067,0.9278829336166382,OPEN,secondary,1110166329,1110166329_0
21128,66455,0.03465270979798879,170.7396552957412,0.8062158810858634,OPEN,secondary,239572011,239572011_0
79533,79534,0.03465033668535493,23.83771261643718,0.5278184942638173,LIKELY_OPEN,trunk,458681953,458681953_0
16535,25071,0.03464247574975528,87.74271001873646,0.7620190527872606,OPEN,secondary,52242930,52242930_0
79531,79532,0.03464010263712142,32.443425128015406,0.5278184942638173,LIKELY_OPEN,trunk,458681953,458681953_0
79532,79533,0.03463876776126487,104.71433132060204,0.5278184942638173,LIKELY_OPEN,trunk,458681953,458681953_0
25070,25071,0.034633873216457535,295.3094535938256,0.7620190527872606,OPEN,secondary,52242930,52242930_0
25456,79531,0.03462905283142002,47.43112302218105,0.5278184942638173,LIKELY_OPEN,trunk,458681953,458681953_0
25069,25070,0.034622897570525946,9.946708792340567,0.7620190527872606,OPEN,secondary,52242930,52242930_0
25068,25069,0.03461310848091128,50.1839270908227,0.7620190527872606,OPEN,secondary,52242930,52242930_0
25067,25068,0.03460925217288126,26.60736745855251,0.7620190527872606,OPEN,secondary,52242930,52242930_0
25066,25067,0.034605395864851236,60.335599512707276,0.7620190527872606,OPEN,secondary,52242930,52242930_0
66334,92279,0.03458329625344843,37.075171945680026,0.5504617754618326,LIKELY_OPEN,primary,764500259,764500259_0
21009,21010,0.03458107146035419,8.950176332496246,0.9010209798812866,OPEN,primary,42756974,42756974_0
21009,66334,0.034580329862656106,218.8026902634499,0.8441458058622149,OPEN,primary,238460348,238460348_0
92278,92279,0.03456950253626413,13.23967844423589,0.5504617754618326,LIKELY_OPEN,primary,764500259,764500259_0
5636,5641,0.03454324997775207,2.628001041748188,0.4028890436790029,UNCERTAIN,secondary,28842920,28842920_0
91271,91272,0.034541321823737065,28.2437621802854,0.9540638923645018,OPEN,secondary,736395475,736395475_0
61098,79719,0.034520631247960606,88.63278448224733,0.8209948742529924,OPEN,secondary,462585119,462585119_0
15377,34346,0.03451744237785886,58.07840554762713,0.8142103783900922,OPEN,secondary,1347255637,1347255637_0
34341,34342,0.03447850849870962,23.86783034414445,0.9191655659675597,OPEN,primary,132191814,132191814_0
34340,34341,0.03447561626768711,116.72349293165229,0.9191655659675597,OPEN,primary,132191814,132191814_0
34342,34343,0.03447539378837768,22.47755416933021,0.9191655659675597,OPEN,primary,132191814,132191814_0
34339,34340,0.0344644923022159,9.399240719804872,0.9191655659675597,OPEN,primary,132191814,132191814_0
34343,34344,0.0344608584734953,71.29208816123271,0.9191655659675597,OPEN,primary,132191814,132191814_0
34337,34338,0.034459746076948176,41.987001776703345,0.9191655659675597,OPEN,primary,132191814,132191814_0
34338,34339,0.03445410993444276,18.852717049179688,0.9191655659675597,OPEN,primary,132191814,132191814_0
21010,21011,0.034381952478419506,8.741547569957286,0.9010209798812866,OPEN,primary,42756974,42756974_0
6428,6429,0.03423133398593931,9.96735154649497,0.9730407059192657,OPEN,primary,31235669,31235669_0
6429,6430,0.03412736198866839,5.749950284137537,0.9730407059192657,OPEN,primary,31235669,31235669_0
6430,10071,0.034126027112811846,7.866662151448922,0.9791349053382873,OPEN,primary,580771983,580771983_0
2925,2926,0.03412180000593278,47.432624609440055,0.6852685384189382,LIKELY_OPEN,tertiary,26807590,26807590_0
16013,61043,0.034111120999080424,17.221672391773936,0.8309715151085573,OPEN,residential,1269264427,1269264427_0
34506,60461,0.03407611758773101,25.098170832440186,0.6944390845298767,LIKELY_OPEN,secondary,1311716614,1311716614_0
60461,81127,0.03406877577052001,42.70112484602614,0.6944390845298767,LIKELY_OPEN,secondary,1311716614,1311716614_0
34512,81127,0.03405572365103379,13.300715979520106,0.6944390845298767,LIKELY_OPEN,secondary,1311716614,1311716614_0
21011,21012,0.03402761709827653,6.67660179667249,0.9010209798812866,OPEN,primary,42756974,42756974_0
21012,88275,0.034022277594850346,156.6739484191454,0.6835930391594216,LIKELY_OPEN,primary,760886640,760886640_0
88275,91994,0.03401100530983952,27.789694942567362,0.6835930391594216,LIKELY_OPEN,primary,760886640,760886640_0
91995,91996,0.03399417104209309,41.13985039072696,0.6835930391594216,LIKELY_OPEN,primary,760886640,760886640_0
91994,91995,0.03399046305360268,5.675723970897348,0.6835930391594216,LIKELY_OPEN,primary,760886640,760886640_0
91996,91997,0.03399031473406307,42.870069188275686,0.6835930391594216,LIKELY_OPEN,primary,760886640,760886640_0
91997,91998,0.03398252795823322,30.366274146700878,0.6835930391594216,LIKELY_OPEN,primary,760886640,760886640_0
91998,91999,0.0339786716502032,34.516983000085496,0.6835930391594216,LIKELY_OPEN,primary,760886640,760886640_0
10269,91999,0.03397481534217318,69.70967752480723,0.6835930391594216,LIKELY_OPEN,primary,760886640,760886640_0
9148,58298,0.033970365755984694,8.204237004586266,0.9605399847030639,OPEN,primary,1222891456,1222891456_0
10269,21013,0.0339556821215627,125.26304122400585,0.6835930391594216,LIKELY_OPEN,primary,760886640,760886640_0
21013,21014,0.033895538548248345,74.8531159899094,0.550107833255421,LIKELY_OPEN,primary,42756975,42756975_0
6432,9207,0.03389338791492391,58.79518599604851,0.9787056028842925,OPEN,primary,760543008,760543008_0
6431,6432,0.03389086648275044,49.4340271409815,0.9524331033229828,OPEN,primary,31235670,31235670_0
6431,130481,0.033890569843671205,4.006492259720789,0.800151026248932,OPEN,primary,1311961569,1311961569_0
130391,130481,0.03388841921034677,26.93311405102604,0.800151026248932,OPEN,primary,1311961569,1311961569_0
10071,130391,0.033888270890807155,50.597520551054856,0.9284221716721852,OPEN,primary,1309201345,1309201345_0
21014,21015,0.033887084334490225,15.716002483757128,0.550107833255421,LIKELY_OPEN,primary,42756975,42756975_0
21015,21016,0.03388144819198481,23.733323344946463,0.550107833255421,LIKELY_OPEN,primary,42756975,42756975_0
21016,21017,0.03387707276556614,66.37394352808207,0.550107833255421,LIKELY_OPEN,primary,42756975,42756975_0
21017,21018,0.03385267420129928,38.17843497920439,0.550107833255421,LIKELY_OPEN,primary,42756975,42756975_0
21018,21019,0.03385030108866542,103.62785558845115,0.550107833255421,LIKELY_OPEN,primary,42756975,42756975_0
55584,61098,0.033832947702530335,23.335897085898374,0.8209948742529924,OPEN,secondary,462585119,462585119_0
121696,131741,0.03376865118210673,22.42248350813073,0.7691367387771606,OPEN,primary,1321767441,1321767441_0
130453,131741,0.03376865118210673,7.006049303450294,0.7207546619574229,OPEN,primary,1347255639,1347255639_0
35595,53065,0.033768280383257694,41.35853519433904,0.7341777057647705,OPEN,secondary,1244012476,1244012476_0
6665,23418,0.033663418468749075,12.733646049144516,0.5639096885871887,LIKELY_OPEN,primary,46952983,46952983_0
55584,79718,0.0336462134021536,5.554192677700465,0.8209948742529924,OPEN,secondary,462585119,462585119_0
79717,79718,0.033644136928598974,3.7787755934772886,0.8209948742529924,OPEN,secondary,462585119,462585119_0
79716,79717,0.03364206045504435,46.20139423364702,0.8209948742529924,OPEN,secondary,462585119,462585119_0
1509,79716,0.03363998398148972,25.29200838667504,0.8209948742529924,OPEN,secondary,462585119,462585119_0
34334,34335,0.033542538043961914,9.225444490893588,0.8448918151855469,OPEN,primary,132191813,132191813_0
34334,91300,0.03354179644626383,8.194379135795966,0.7533377150047657,OPEN,primary,1314544796,1314544796_0
9241,9242,0.03341883954792205,49.68180974027254,0.860481276210532,OPEN,secondary,36885143,36885143_0
64775,75785,0.03338606092966687,51.04410243353072,0.5600228457776909,LIKELY_OPEN,primary,631197942,631197942_0
63643,63644,0.03333971107353683,82.98336055687409,0.7336533388001715,OPEN,primary,217565204,217565204_0
63644,63645,0.033336893002284124,66.71310584621537,0.7336533388001715,OPEN,primary,217565204,217565204_0
63645,63646,0.03333422325057103,16.818687855387846,0.7336533388001715,OPEN,primary,217565204,217565204_0
63646,63647,0.03331657322535671,64.27737447995871,0.7336533388001715,OPEN,primary,217565204,217565204_0
27635,63647,0.03330470766218742,52.64229194432951,0.7336533388001715,OPEN,primary,217565204,217565204_0
27635,27638,0.03329766248405565,74.00711149287142,0.7336533388001715,OPEN,primary,217565204,217565204_0
25369,27638,0.03329610512888968,17.465071639119312,0.7336533388001715,OPEN,primary,217565204,217565204_0
6622,6623,0.03312969060544036,88.11365446959692,0.8634235239860624,OPEN,primary,31565098,31565098_0
6623,6624,0.033125834297410346,206.83808633983253,0.8634235239860624,OPEN,primary,31565098,31565098_0
6624,6625,0.03311886327904839,125.81952266227132,0.8634235239860624,OPEN,primary,31565098,31565098_0
52170,123999,0.033103289727388685,7.16866155657239,0.9672030508518218,OPEN,secondary,1162838932,1162838932_0
52169,52170,0.03310165821245291,146.65976878096424,0.9447579860687255,OPEN,secondary,170930850,170930850_0
1116,1117,0.03309535463201922,151.51786397589763,0.6469586074352265,LIKELY_OPEN,primary,23076269,23076269_0
1116,6622,0.03308771617572899,59.94410131344935,0.8384648194679848,OPEN,primary,238459920,238459920_0
2979,112432,0.033056494912639796,79.87861771033378,0.7233573688401116,OPEN,primary,1343714137,1343714137_0
74825,112432,0.03304529678739877,91.03023515516301,0.7233573688401116,OPEN,primary,1343714137,1343714137_0
9358,9362,0.03299071519682003,41.73948648104162,0.7282620840602452,OPEN,residential,36897661,36897661_0
9362,78324,0.03295934561419121,160.6518896690832,0.6489755572992213,LIKELY_OPEN,residential,410858846,410858846_0
9359,9733,0.032950372282044435,43.06164746353868,0.4325802603000548,UNCERTAIN,residential,36907572,36907572_0
14685,127061,0.03294621933493519,42.25906065065383,0.9178491137615621,OPEN,secondary,1207956704,1207956704_0
9735,29708,0.032945403577467294,14.530594787065109,0.674862081303316,LIKELY_OPEN,residential,1418247626,1418247626_0
9733,9734,0.03294154726943728,125.70335462336979,0.4325802603000548,UNCERTAIN,residential,36907572,36907572_0
6625,92278,0.03285300050428644,7.624308081900738,0.7444214312235513,OPEN,primary,1312156096,1312156096_0
21557,97453,0.032696968348610245,12.878720592618821,0.7938953173160553,OPEN,residential,1233443791,1233443791_0
6586,6587,0.03262021298685889,7.863682881154918,0.6056547494790026,LIKELY_OPEN,secondary,31565066,31565066_0
9243,9244,0.032517872504523745,50.945538183778,0.860481276210532,OPEN,secondary,36885143,36885143_0
50258,50259,0.032517279226365284,26.405378093194795,0.6466272763177461,LIKELY_OPEN,secondary,152582846,152582846_0
83,50254,0.03251023404823351,74.66468872966493,0.6466272763177461,LIKELY_OPEN,secondary,152582846,152582846_0
6577,6578,0.0325008899172377,18.38163052318717,0.6056547494790026,LIKELY_OPEN,secondary,31565066,31565066_0
1531,50257,0.032494882975883245,41.01776313547807,0.6466272763177461,LIKELY_OPEN,secondary,152582846,152582846_0
50257,50258,0.032492806502328615,28.495715526430363,0.6466272763177461,LIKELY_OPEN,secondary,152582846,152582846_0
1531,50256,0.032492287383939965,7.938372251569034,0.6466272763177461,LIKELY_OPEN,secondary,152582846,152582846_0
52,79720,0.03249087834831361,46.835200486167594,0.8209948742529924,OPEN,secondary,462585119,462585119_0
50255,50256,0.032490210910385335,11.409957722085307,0.6466272763177461,LIKELY_OPEN,secondary,152582846,152582846_0
79719,79720,0.032488801874758985,18.225877059445942,0.8209948742529924,OPEN,secondary,462585119,462585119_0
50254,50255,0.03248843107590994,37.744186617356895,0.6466272763177461,LIKELY_OPEN,secondary,152582846,152582846_0
6578,6579,0.032483239892023376,24.20045485473756,0.6056547494790026,LIKELY_OPEN,secondary,31565066,31565066_0
9242,9243,0.03247960606330278,65.06075552058779,0.860481276210532,OPEN,secondary,36885143,36885143_0
6579,6580,0.03247923526445374,28.7848683557294,0.6056547494790026,LIKELY_OPEN,secondary,31565066,31565066_0
74854,74864,0.032476787992050074,16.04630573651534,0.8455115659236908,OPEN,primary,1148408385,1148408385_0
6580,6581,0.032469520334608884,24.594238757597537,0.6056547494790026,LIKELY_OPEN,secondary,31565066,31565066_0
2086,79713,0.032443935214025096,7.219761422314594,0.8209948742529924,OPEN,secondary,462585119,462585119_0
50260,79713,0.03244230369908932,13.510285261784622,0.8776957988739015,OPEN,secondary,462585120,462585120_0
6581,6582,0.03244059802438373,99.7665952554654,0.6056547494790026,LIKELY_OPEN,secondary,31565066,31565066_0
50259,50260,0.03242309631870903,20.33489460923949,0.6466272763177461,LIKELY_OPEN,secondary,152582846,152582846_0
55516,79714,0.032405149654415474,26.823109238570126,0.8209948742529924,OPEN,secondary,462585119,462585119_0
29798,55516,0.03240507549464566,11.87421339127423,0.8209948742529924,OPEN,secondary,462585119,462585119_0
2086,29798,0.032404333896947586,38.372965688159795,0.8209948742529924,OPEN,secondary,462585119,462585119_0
79714,79715,0.03240070006822699,26.549637332602988,0.8209948742529924,OPEN,secondary,462585119,462585119_0
1509,79715,0.03239654712111774,47.74128328358049,0.8209948742529924,OPEN,secondary,462585119,462585119_0
6582,6583,0.032381344368307086,42.98357748849161,0.6056547494790026,LIKELY_OPEN,secondary,31565066,31565066_0
9244,127061,0.0323567233247308,7.927539724916167,0.9390195608139037,OPEN,secondary,1352288517,1352288517_0
66559,92280,0.032282266915843495,7.185695443855861,0.5644286186878498,LIKELY_OPEN,secondary,764500260,764500260_0
80657,80658,0.03223005843789861,9.851764063790615,0.3876140827602811,UNCERTAIN,primary,503401204,503401204_0
74854,80658,0.03222931684020053,98.34819015657206,0.3876140827602811,UNCERTAIN,primary,503401204,503401204_0
80656,80657,0.03220936786212216,20.607866112952664,0.3876140827602811,UNCERTAIN,primary,503401204,503401204_0
80656,91973,0.032199801251816915,5.410546764357046,0.8432968702316285,OPEN,primary,760700372,760700372_0
74796,91973,0.032192236955296494,39.007390329000394,0.8432968702316285,OPEN,primary,760700372,760700372_0
74795,74884,0.03218978968289283,39.89530581064787,0.6055642347865635,LIKELY_OPEN,primary,362900184,362900184_0
74795,74796,0.03217065646228234,91.76340856109024,0.42727991724014286,UNCERTAIN,primary,359476587,359476587_0
50202,50203,0.03216887662780695,21.18446495330254,0.5250768689207128,LIKELY_OPEN,primary,152051153,152051153_0
50203,50204,0.032159087538192285,4.326968968223127,0.5250768689207128,LIKELY_OPEN,primary,152051153,152051153_0
50204,50205,0.03215419299338495,63.31693316468132,0.6671808086122786,LIKELY_OPEN,service,1313480212,1313480212_0
50205,50206,0.032149446768117235,7.684039792066573,0.5250768689207128,LIKELY_OPEN,primary,152051153,152051153_0
50206,50207,0.03213698792678948,21.73972901088256,0.5250768689207128,LIKELY_OPEN,primary,152051153,152051153_0
50207,50208,0.03212452908546172,85.5208892796473,0.5250768689207128,LIKELY_OPEN,primary,152051153,152051153_0
50208,50209,0.032117113108480914,57.893912894826514,0.5250768689207128,LIKELY_OPEN,primary,152051153,152051153_0
50209,50210,0.032111328646435885,15.401108837182186,0.5250768689207128,LIKELY_OPEN,primary,152051153,152051153_0
50201,74864,0.03210265195336834,9.789109793412399,0.7750319814682007,OPEN,primary,1539996893,1539996893_0
50441,57510,0.03210027884073448,31.49362866948951,0.2599991261959076,LIKELY_BLOCKED,primary_link,200617332,200617332_0
10630,50210,0.03209990804188544,28.463653263845057,0.5250768689207128,LIKELY_OPEN,primary,152051153,152051153_0
50201,50202,0.03209775740856101,14.738756602868364,0.5250768689207128,LIKELY_OPEN,primary,152051153,152051153_0
10190,115396,0.03199497196760701,37.54351570904872,0.6757429574836384,LIKELY_OPEN,primary,1347255640,1347255640_0
15374,115396,0.031967681172317644,10.215376897738482,0.6757429574836384,LIKELY_OPEN,primary,1347255640,1347255640_0
6584,6585,0.0319388330218623,62.21804626482303,0.6056547494790026,LIKELY_OPEN,secondary,31565066,31565066_0
2312,2313,0.03193875886209249,10.090936779869669,0.6997810459227962,LIKELY_OPEN,tertiary,24299079,24299079_0
6585,6586,0.03193616327014921,17.482228316583893,0.6056547494790026,LIKELY_OPEN,secondary,31565066,31565066_0
74854,121903,0.03189774850938863,11.699517706450496,0.8571028602123261,OPEN,primary,1539996892,1539996892_0
121902,121903,0.03189359556227938,77.57868674064821,0.5180745318356682,LIKELY_OPEN,primary,1110178941,1110178941_0
108282,131301,0.031889294295630505,35.186659744117634,0.5643218875602938,LIKELY_OPEN,tertiary,1316364187,1316364187_0
74825,121899,0.03187772537154045,15.20908218474367,0.6451561958789825,LIKELY_OPEN,primary,1148194090,1148194090_0
121899,121900,0.031876242176144286,33.065466831052746,0.5180745318356682,LIKELY_OPEN,primary,1110178941,1110178941_0
93734,131301,0.03187105099225772,112.22293443219188,0.5643218875602938,LIKELY_OPEN,tertiary,1316364187,1316364187_0
121901,121902,0.03186882619916348,25.93004619845368,0.5180745318356682,LIKELY_OPEN,primary,1110178941,1110178941_0
121900,121901,0.03186852956008425,24.943063152519013,0.5180745318356682,LIKELY_OPEN,primary,1110178941,1110178941_0
93734,126867,0.031835454302749845,87.85616002771414,0.5643218875602938,LIKELY_OPEN,tertiary,1316364187,1316364187_0
35595,129355,0.03182796416599923,7.670075196987507,0.6155351225535075,LIKELY_OPEN,secondary,1244012475,1244012475_0
60997,61045,0.03180097000978909,7.63494038005269,0.64078564564387,LIKELY_OPEN,residential,1375664187,1375664187_0
80296,94680,0.03177879623861648,73.7659896483649,0.17935889932201873,LIKELY_BLOCKED,tertiary,1432476316,1432476316_0
12500,50927,0.03175195040194596,117.93574009729656,0.6125838680145068,LIKELY_OPEN,tertiary,1313067008,1313067008_0
5488,9146,0.0317377117261428,15.347465749850112,0.8441526276292934,OPEN,primary,36852353,36852353_0
94680,108525,0.03173474533535048,16.017858927505962,0.17935889932201873,LIKELY_BLOCKED,tertiary,1432476316,1432476316_0
12468,108528,0.03171739194921539,29.333549442405076,0.6125838680145068,LIKELY_OPEN,tertiary,1313067008,1313067008_0
94683,108525,0.03171005013200439,104.6019986669821,0.17935889932201873,LIKELY_BLOCKED,tertiary,1432476316,1432476316_0
94683,130664,0.031708715256147844,130.74050105801223,0.17935889932201873,LIKELY_BLOCKED,tertiary,1432476316,1432476316_0
108528,130664,0.03170856693660823,10.882588060022774,0.6125838680145068,LIKELY_OPEN,tertiary,1313067008,1313067008_0
25389,25393,0.03168550324819792,23.06180460345041,0.5864929497241974,LIKELY_OPEN,service,53583685,53583685_0
25379,25389,0.03168476165049984,17.74379004202589,0.5864929497241974,LIKELY_OPEN,service,53583685,53583685_0
25393,25394,0.03168090534246982,14.205073993383667,0.3979277634620667,UNCERTAIN,service,1311723532,1311723532_0
12468,12500,0.03168060870339059,30.67441948556672,0.6125838680145068,LIKELY_OPEN,tertiary,1313067008,1313067008_0
25394,25395,0.03167630743674172,131.7286136989979,0.30350362956523896,UNCERTAIN,service,53583687,53583687_0
25395,65011,0.031667704903443984,13.754451458931245,0.31466925442218785,UNCERTAIN,service,232346011,232346011_0
65010,65011,0.03166355195633473,157.99050426219293,0.1413407564163208,BLOCKED,service,232207306,232207306_0
25378,65010,0.03166177212185933,28.191155827992755,0.15823480486869812,LIKELY_BLOCKED,service,232210074,232210074_0
25377,25378,0.03165850909198778,152.19509602971638,0.20724920034408567,LIKELY_BLOCKED,service,53583680,53583680_0
25377,130442,0.031657470855210465,3.757663590596699,0.46866406679153444,UNCERTAIN,service,1311723531,1311723531_0
130442,130443,0.03165643261843316,5.325776854389053,0.6098588689168294,LIKELY_OPEN,service,1311723529,1311723529_0
74855,74856,0.03164538281273175,9.360991983777478,0.49556092850988803,UNCERTAIN,primary,362206700,362206700_0
74854,74855,0.03162728782889858,144.91591425960735,0.49556092850988803,UNCERTAIN,primary,362206700,362206700_0
74856,74857,0.03161712794043488,8.417721669155199,0.49556092850988803,UNCERTAIN,primary,362206700,362206700_0
66935,74857,0.03160644893358251,175.1921110870675,0.49556092850988803,UNCERTAIN,primary,362206700,362206700_0
58325,66935,0.03159910711637151,288.5491385660317,0.49556092850988803,UNCERTAIN,primary,362206700,362206700_0
1126,2973,0.03159124618077186,148.90053334755885,0.2449021763378574,LIKELY_BLOCKED,tertiary,1195630059,1195630059_0
9177,9178,0.031545044644181425,75.894585604858,0.6340122659031938,LIKELY_OPEN,tertiary,36883288,36883288_0
2973,9177,0.03153851858443832,122.35955434657836,0.6340122659031938,LIKELY_OPEN,tertiary,36883288,36883288_0
34355,80447,0.03150759396042835,4.6154945521978314,0.9798534870147705,OPEN,primary,1452617368,1452617368_0
72814,72815,0.031476817655958,11.561059915951756,0.3497883807671697,UNCERTAIN,tertiary,327432513,327432513_0
74784,74785,0.03139494527008988,9.510081698427438,0.9149343192577363,OPEN,secondary,355938968,355938968_0
1480,68093,0.03136839607249859,73.31851836287224,0.6137181148990507,LIKELY_OPEN,secondary,266871939,266871939_0
68093,130443,0.03127680875678562,21.27917615578368,0.7152549196373332,OPEN,service,1311723530,1311723530_0
123658,134886,0.03122682507193498,16.432123943488975,0.9589802742004395,OPEN,primary,1509734440,1509734440_0
95791,134886,0.03122133724896918,14.483514506727358,0.8697900603367732,OPEN,primary,1509732602,1509732602_0
95791,95792,0.031215849426003382,48.18766143760723,0.9305949330329896,OPEN,service,781192797,781192797_0
5008,95792,0.031210509922577203,8.834182371930973,0.8697900603367732,OPEN,primary,1509732602,1509732602_0
78953,91850,0.031194565572068466,7.542739238603227,0.8819763100147248,OPEN,primary,759364434,759364434_0
36656,126867,0.031185147281302842,32.54203895827624,0.5516198433240256,LIKELY_OPEN,residential,1205160281,1205160281_0
1404,1405,0.03098803061315298,22.38074828630824,0.7222126014633934,OPEN,residential,23078237,23078237_0
29708,127062,0.030958218385690132,64.76209637438579,0.674862081303316,LIKELY_OPEN,residential,1418247626,1418247626_0
121753,124540,0.03092566224674439,13.606306671319123,0.906637591123581,OPEN,primary,1167887283,1167887283_0
61044,61045,0.030912535967488358,61.92039353769826,0.7335743655363719,OPEN,residential,213027152,213027152_0
1405,16014,0.030911052772092197,53.8250693055201,0.7626672352915225,OPEN,residential,38773819,38773819_0
16013,16014,0.03090905045830738,51.82834463499648,0.7626672352915225,OPEN,residential,38773819,38773819_0
61043,61044,0.030905639108896207,155.4480958432423,0.7335743655363719,OPEN,residential,213027152,213027152_0
53106,121759,0.03089013971700632,16.606591224048763,0.9268816709518432,OPEN,trunk,1109968033,1109968033_0
79385,79386,0.030829032066684466,35.979215455487896,0.9295461153191982,OPEN,trunk,454013130,454013130_0
79384,79385,0.030827623031058113,148.3914779068259,0.9295461153191982,OPEN,trunk,454013130,454013130_0
33392,33393,0.030723947672866424,5.368140247861868,0.7143279587745667,OPEN,secondary,130159819,130159819_0
33393,33394,0.030716309216576195,10.075868457641166,0.7143279587745667,OPEN,secondary,130159819,130159819_0
33394,33395,0.030707187564889802,25.401578795593387,0.7143279587745667,OPEN,secondary,130159819,130159819_0
33395,33396,0.03069294888908665,23.205434957537545,0.7143279587745667,OPEN,secondary,130159819,130159819_0
78740,78741,0.030689240900596246,39.17540886258681,0.7010468350022525,OPEN,primary,430154367,430154367_0
12479,78741,0.030682418201773903,102.57656427583188,0.7010468350022525,OPEN,primary,430154367,430154367_0
12479,61308,0.030675892142030793,27.910601826346056,0.7010468350022525,OPEN,primary,430154367,430154367_0
645,121765,0.03067203583400077,16.34576634487721,0.7062585773468018,OPEN,secondary,1109976233,1109976233_0
10190,73078,0.03063896057666637,12.349141683689544,0.913962404263647,OPEN,primary,328836685,328836685_0
15330,73078,0.030636884103111744,20.406906130165858,0.913962404263647,OPEN,primary,328836685,328836685_0
15330,50218,0.030634807629557118,13.999757225808937,0.913962404263647,OPEN,primary,328836685,328836685_0
73073,85542,0.030633176114621342,33.90370763775044,0.9028664231300353,OPEN,primary,638928399,638928399_0
647,648,0.030549820533357065,17.91693903984392,0.6016514605138361,LIKELY_OPEN,secondary,23058156,23058156_0
75720,76104,0.030539586485123553,13.965737713336187,0.770397110382716,OPEN,secondary,1411066512,1411066512_0
649,650,0.03053773249087835,37.59095891401743,0.6016514605138361,LIKELY_OPEN,secondary,23058156,23058156_0
648,649,0.030535507697784108,47.576152674944346,0.6016514605138361,LIKELY_OPEN,secondary,23058156,23058156_0
646,647,0.03052927827712023,9.947356772256805,0.6016514605138361,LIKELY_OPEN,secondary,23058156,23058156_0
50927,129839,0.030519859986354606,9.568316951526999,0.6228331387043,LIKELY_OPEN,tertiary,1278402041,1278402041_0
645,646,0.030519118388656525,30.168033896085774,0.6016514605138361,LIKELY_OPEN,secondary,23058156,23058156_0
121759,123664,0.0304931624692237,37.62070706604541,0.8802167147138844,OPEN,trunk,1148717038,1148717038_0
123664,123665,0.03047187861528878,35.03057710898194,0.8802167147138844,OPEN,trunk,1148717038,1148717038_0
123665,123666,0.030467948147488953,11.257347626868835,0.8802167147138844,OPEN,trunk,1148717038,1148717038_0
18546,123666,0.03044673845332384,24.265486989730473,0.8802167147138844,OPEN,trunk,1148717038,1148717038_0
18546,18547,0.03043576280739225,23.021800206743603,0.8121695743907581,OPEN,trunk,40696223,40696223_0
10716,72806,0.030435540328082822,36.01603055669954,0.776745222012202,OPEN,primary,1412642797,1412642797_0
72806,122496,0.03042753107294355,63.57705600369778,0.776745222012202,OPEN,primary,1412642797,1412642797_0
18547,18548,0.03042686363501528,71.92836805491059,0.8121695743907581,OPEN,trunk,40696223,40696223_0
122495,122496,0.030423971403992764,6.770581987873441,0.6372412741184235,LIKELY_OPEN,primary,1111976180,1111976180_0
15374,15375,0.030421672451128715,51.77514973402882,0.4349269544056484,UNCERTAIN,primary,764329022,764329022_0
72833,122495,0.030420411735041977,13.549187624094577,0.7208611927713666,OPEN,primary,1412642795,1412642795_0
18523,18548,0.030418557740796773,9.808585127965797,0.8121695743907581,OPEN,trunk,40696223,40696223_0
15364,15375,0.030417519504019462,46.23489835050328,0.4349269544056484,UNCERTAIN,primary,764329022,764329022_0
9572,9573,0.03040913945003115,11.903787270828564,0.8251601602750667,OPEN,primary,36897705,36897705_0
9573,92257,0.030406321378778443,86.1974904612737,0.4791189687252045,UNCERTAIN,primary,764329021,764329021_0
73084,92257,0.030405431461540747,6.718363937292334,0.4791189687252045,UNCERTAIN,primary,764329021,764329021_0
73084,92258,0.030404986502921897,8.743017497371227,0.4349269544056484,UNCERTAIN,primary,764329022,764329022_0
15364,92258,0.030397125567322242,58.56821002180415,0.4349269544056484,UNCERTAIN,primary,764329022,764329022_0
29126,29127,0.030371911245587496,25.546705189580145,0.8129825089917039,OPEN,secondary,99452388,99452388_0
29127,29128,0.03035937824448993,37.44875522321505,0.8129825089917039,OPEN,secondary,99452388,99452388_0
49953,53104,0.03035596689507876,22.38594635395388,0.8293741687933603,OPEN,primary,172853382,172853382_0
29128,29129,0.030353297143365668,14.165820669086395,0.8129825089917039,OPEN,secondary,99452388,99452388_0
6001,72833,0.030351813947969507,13.2778967872565,0.7208611927713666,OPEN,primary,1412642795,1412642795_0
29124,29125,0.0303517397881997,2.1471907790577376,0.8129825089917039,OPEN,secondary,99452388,99452388_0
29129,29130,0.030349218356026223,16.871661594424033,0.8129825089917039,OPEN,secondary,99452388,99452388_0
29123,29124,0.030348105959479104,112.9542861055238,0.8129825089917039,OPEN,secondary,99452388,99452388_0
53065,65507,0.03034395301236985,31.089250632428225,0.5788775624434153,LIKELY_OPEN,secondary,1313444278,1313444278_0
9178,91271,0.03033950342618137,22.337048485764676,0.9511754870414734,OPEN,secondary,736395474,736395474_0
26379,53104,0.030338910148022903,68.84823124122094,0.8293741687933603,OPEN,primary,172853382,172853382_0
65507,65742,0.030335350479072116,11.749861414465212,0.5788775624434153,LIKELY_OPEN,secondary,1313444278,1313444278_0
6001,53756,0.030329862656106318,22.817988938811407,0.5364692765758151,LIKELY_OPEN,primary,1111976179,1111976179_0
652,65742,0.03032392987452167,25.787559142628677,0.5788775624434153,LIKELY_OPEN,secondary,1313444278,1313444278_0
29130,29131,0.030323039957283974,37.26953870198799,0.8129825089917039,OPEN,secondary,99452388,99452388_0
